-- phpMyAdmin SQL Dump
-- version 5.2.1
-- https://www.phpmyadmin.net/
--
-- Host: 127.0.0.1
-- Creato il: Lug 26, 2024 alle 13:33
-- Versione del server: 10.4.32-MariaDB
-- Versione PHP: 8.2.12

SET SQL_MODE = "NO_AUTO_VALUE_ON_ZERO";
START TRANSACTION;
SET time_zone = "+00:00";


/*!40101 SET @OLD_CHARACTER_SET_CLIENT=@@CHARACTER_SET_CLIENT */;
/*!40101 SET @OLD_CHARACTER_SET_RESULTS=@@CHARACTER_SET_RESULTS */;
/*!40101 SET @OLD_COLLATION_CONNECTION=@@COLLATION_CONNECTION */;
/*!40101 SET NAMES utf8mb4 */;

--
-- Database: `unirent`
--

-- --------------------------------------------------------

--
-- Struttura della tabella `accommodation`
--

CREATE TABLE `accommodation` (
  `id` int(11) NOT NULL,
  `title` varchar(30) NOT NULL,
  `address` int(11) NOT NULL,
  `price` double NOT NULL,
  `start` date NOT NULL,
  `description` varchar(500) NOT NULL,
  `places` int(11) NOT NULL,
  `deposit` double DEFAULT NULL,
  `visitDuration` int(11) NOT NULL COMMENT 'minutes',
  `man` tinyint(1) NOT NULL,
  `woman` tinyint(1) NOT NULL,
  `pets` tinyint(1) NOT NULL,
  `smokers` tinyint(1) NOT NULL,
  `status` tinyint(1) NOT NULL DEFAULT 1,
  `idOwner` int(11) NOT NULL
) ENGINE=InnoDB DEFAULT CHARSET=utf8mb4 COLLATE=utf8mb4_general_ci;

--
-- Dump dei dati per la tabella `accommodation`
--

INSERT INTO `accommodation` (`id`, `title`, `address`, `price`, `start`, `description`, `places`, `deposit`, `visitDuration`, `man`, `woman`, `pets`, `smokers`, `status`, `idOwner`) VALUES
(5, 'Casa Rosada', 2, 230.7, '2024-06-04', 'Presidenza della Repubblica Argentina', 0, 230, 21, 1, 0, 0, 0, 1, 2),
(6, 'Casa Maloni', 3, 1000, '2024-10-10', 'La casa più bella e al contempo sfasciata del mondo', 3, 250, 10, 1, 1, 1, 0, 1, 4),
(7, 'Bella casa', 4, 800, '2024-09-30', 'Casa bellissima in centro', 3, 200, 0, 0, 0, 0, 0, 1, 5),
(14, 'Casa', 11, 100, '2024-10-01', 'casetta bellissima ', 3, 100, 20, 0, 0, 0, 0, 1, 4),
(16, 'Bellissima casa', 13, 250, '2024-10-10', 'Bellissima casa', 3, 200, 30, 0, 0, 0, 0, 1, 4);

-- --------------------------------------------------------

--
-- Struttura della tabella `accommodationreview`
--

CREATE TABLE `accommodationreview` (
  `idReview` int(11) NOT NULL,
  `idAccommodation` int(11) NOT NULL,
  `idAuthor` int(11) NOT NULL
) ENGINE=InnoDB DEFAULT CHARSET=utf8mb4 COLLATE=utf8mb4_general_ci;

--
-- Dump dei dati per la tabella `accommodationreview`
--

INSERT INTO `accommodationreview` (`idReview`, `idAccommodation`, `idAuthor`) VALUES
(33, 6, 5),
(34, 6, 8);

-- --------------------------------------------------------

--
-- Struttura della tabella `address`
--

CREATE TABLE `address` (
  `id` int(11) NOT NULL,
  `addressLine` varchar(200) NOT NULL,
  `postalCode` varchar(15) NOT NULL,
  `city` varchar(40) NOT NULL
) ENGINE=InnoDB DEFAULT CHARSET=utf8mb4 COLLATE=utf8mb4_general_ci;

--
-- Dump dei dati per la tabella `address`
--

INSERT INTO `address` (`id`, `addressLine`, `postalCode`, `city`) VALUES
(1, 'via Anna 3, int 1', '67100', 'L\'Aquila'),
(2, 'piazza San Marco 5A', '90761', 'Rimini'),
(3, 'via Vetoio 5', '67100', 'L\'AQUILA'),
(4, 'Via Roma 45', '67100', 'L\'Aquila'),
(5, 'Via Roma 47', '67100', 'L\'Aquila'),
(6, 'Via qualcosa 23', '67100', 'L\'Aquila'),
(7, 'Address 43', '67100', 'L\'Aquila'),
(11, 'Via Anna 7A', '67100', 'L\'Aquila'),
(13, 'via Anna 7A', '67100', 'L\'Aquila');

-- --------------------------------------------------------

--
-- Struttura della tabella `contract`
--

CREATE TABLE `contract` (
  `idReservation` int(11) NOT NULL,
  `status` enum('onGoing','future','finished') NOT NULL,
  `paymentDate` timestamp NOT NULL DEFAULT current_timestamp() ON UPDATE current_timestamp(),
  `cardNumber` varchar(19) NOT NULL
) ENGINE=InnoDB DEFAULT CHARSET=utf8mb4 COLLATE=utf8mb4_general_ci;

--
-- Dump dei dati per la tabella `contract`
--

INSERT INTO `contract` (`idReservation`, `status`, `paymentDate`, `cardNumber`) VALUES
(6, 'onGoing', '2024-07-15 19:48:14', '1234 5678 9012 3456');

-- --------------------------------------------------------

--
-- Struttura della tabella `creditcard`
--

CREATE TABLE `creditcard` (
  `number` varchar(19) NOT NULL,
  `name` varchar(20) NOT NULL,
  `surname` varchar(20) NOT NULL,
  `expiry` varchar(5) NOT NULL,
  `cvv` int(3) NOT NULL,
  `idStudent` int(11) NOT NULL,
  `main` tinyint(1) NOT NULL,
  `title` varchar(100) NOT NULL
) ENGINE=InnoDB DEFAULT CHARSET=utf8mb4 COLLATE=utf8mb4_general_ci;

--
-- Dump dei dati per la tabella `creditcard`
--

INSERT INTO `creditcard` (`number`, `name`, `surname`, `expiry`, `cvv`, `idStudent`, `main`, `title`) VALUES
('1234 1234 1234 1234', 'Matteo', 'Maloni', '12/25', 122, 2, 1, 'Card 1'),
('1234 5678 9012 3456', 'Elisabetta', 'Mecozzi', '12/34', 123, 8, 1, 'Title'),
('1234 5678 9023 4563', 'Elisabetta', 'Rossi', '12/12', 112, 8, 0, 'Card 3');

-- --------------------------------------------------------

--
-- Struttura della tabella `day`
--

CREATE TABLE `day` (
  `id` int(11) NOT NULL,
  `day` varchar(20) NOT NULL,
  `idAccommodation` int(11) NOT NULL
) ENGINE=InnoDB DEFAULT CHARSET=utf8mb4 COLLATE=utf8mb4_general_ci;

--
-- Dump dei dati per la tabella `day`
--

INSERT INTO `day` (`id`, `day`, `idAccommodation`) VALUES
(2, 'Monday', 5),
(31, 'Monday', 14),
(42, 'Saturday', 6),
(43, 'Monday', 16);

-- --------------------------------------------------------

--
-- Struttura della tabella `owner`
--

CREATE TABLE `owner` (
  `id` int(11) NOT NULL,
  `username` varchar(40) NOT NULL,
  `password` varchar(100) NOT NULL,
  `name` varchar(20) NOT NULL,
  `surname` varchar(20) NOT NULL,
  `picture` int(11) DEFAULT NULL,
  `email` varchar(40) NOT NULL,
  `phoneNumber` varchar(15) NOT NULL,
  `iban` varchar(27) NOT NULL,
  `status` enum('active','banned','reported','') NOT NULL DEFAULT 'active'
) ENGINE=InnoDB DEFAULT CHARSET=utf8mb4 COLLATE=utf8mb4_general_ci;

--
-- Dump dei dati per la tabella `owner`
--

INSERT INTO `owner` (`id`, `username`, `password`, `name`, `surname`, `picture`, `email`, `phoneNumber`, `iban`, `status`) VALUES
(2, 'Lupo', '$2y$10$bWaqrMre3N1hGOIRSgmq4O5jjJerKtBYK', 'MIKE', 'Lupinetti', NULL, 'michael.lupinetti.02@gmail.com', '3312456767', '123456789', 'active'),
(4, 'nadm', '$2y$10$PqPZa3NYqrAqy.Xg8EKM0OCjazq6tHDvJvE43RB50yxRsww5cKNiK', 'Nadia', 'Muzyka', NULL, 'muzykanadia0@gmail.com', '3333333333', 'IT60X0542811101000000123456', 'active'),
(5, 'eli1', '$2y$10$7OBVJOVhp27.DnCXKJfYoO4X7fUZhFXAcoOGQRDQYf8cXUllPiCiq', 'Elisabetta', 'Mecozzi', 13, 'mail@domain.com', '3201234567', 'IT69Y0300203280346293665693', 'active');

-- --------------------------------------------------------

--
-- Struttura della tabella `ownerreview`
--

CREATE TABLE `ownerreview` (
  `idOwner` int(11) NOT NULL,
  `idReview` int(11) NOT NULL,
  `idAuthor` int(11) NOT NULL
) ENGINE=InnoDB DEFAULT CHARSET=utf8mb4 COLLATE=utf8mb4_general_ci;

--
-- Dump dei dati per la tabella `ownerreview`
--

INSERT INTO `ownerreview` (`idOwner`, `idReview`, `idAuthor`) VALUES
(5, 27, 8);

-- --------------------------------------------------------

--
-- Struttura della tabella `photo`
--

CREATE TABLE `photo` (
  `id` int(11) NOT NULL,
  `photo` longblob NOT NULL,
  `relativeTo` enum('accommodation','other') NOT NULL,
  `idAccommodation` int(11) DEFAULT NULL
) ENGINE=InnoDB DEFAULT CHARSET=utf8mb4 COLLATE=utf8mb4_general_ci;

--
-- Dump dei dati per la tabella `photo`
--

INSERT INTO `photo` (`id`, `photo`, `relativeTo`, `idAccommodation`) VALUES
(4, 0xffd8ffe000104a46494600010100000100010000ffdb00840009060712111215121213121615161615151918181517171617151515161a17151315181d2820181b251d151522312125292b2f2e2e171f3338332c37282d2e2b010a0a0a0505050e05050e2b1913192b2b2b2b2b2b2b2b2b2b2b2b2b2b2b2b2b2b2b2b2b2b2b2b2b2b2b2b2b2b2b2b2b2b2b2b2b2b2b2b2b2b2b2b2b2b2b2b2b2bffc000110800e100e103012200021101031101ffc4001c0001000202030100000000000000000000000208010703050604ffc4004910000103020206050708060905000000000100020304110521061231415161071322718108325291b1e1f01442738292a1c1c22362637293c32433346483a2b2b3d13543a3d2f1ffc40014010100000000000000000000000000000000ffc40014110100000000000000000000000000000000ffda000c03010002110311003f00de288880b0d75d41ce52620922220222202228928248a16e65481419444404444044440586baf9a839ca6dd8832888808888088a24a09228290283288880b8dce5370516b501ad5344404444044440500a6b04208a900be7afad8a9e374d33dac8d82ee7b8d801f1bb7ad39a4fd3c005ccc3e00f03feecd70d39ed6c4d20db9970ee41b4349349e1a00c92a03c40f3aa666b4bd91bb2d51286f680767670045c58dae2fc5169ce16e008afa3cf8cf1b4f8871042ac98ce9e57d4bdcf74c630fb873220238df7dbd635bfd677beebcca0b8f0e97e1cf366d751b8f0151113ead65dbc13b5e3598e6b87169047ac2a42be9a1af9a076bc32c913bd28dee63bd6d20a0bb2b8dcebaae7a25d3556d390cac1f2986f62eb06ccd1979ae160fde6ce173e905beb46f1ea6af884f4d236461c8db2730edd57b76b5dc8f7ec283b46b5491101111011110141aa6b04208a900802ca02222022220222202222022220222d73d30f48270c89b0d391f2a981209b1eaa3d9d6169da49b868396449d9621ae3a7dd2b74f57f2163bf434f6d60363a770b9278ea821a06e3aeb55836539e6748e73dee2e7389739c4dcb9ce372e713b492571a09117cc788e1ee515906cb245f31e2387b904549adde767b79046b779d9ede4161ceba039d7f8d8bbed0ad2a9f0ca96cf093ab70248efd9923be6d70e3b6c7715d0220bbd4f3b64687b1c1cd70b87020820ef042e455a3a0bd2a7d2d73695ce3d4549d4d527b2d96dd87b46e248d53c758700acba02222022220222202222022220222202222022220222202aa3d31d73a6c5eab589b31cd89a38358c68cbbceb1facad72aa5d3343a98cd58b6d313bed43193f79283c52222029b06fddede4161adde767b7905873aff001b1049f9e63d5c3bb9282c8365922f98f11c3dc82288883b0d1e98c7554ef1b5b3c4e1ded91a47b15d254d343a1d7afa367a5534edf032b41572d0111101111011110111101111011145c5049142ddea4d28328888088880ab4794141ab8adfd382277a8bd9f9159755c3ca06b609eba230cac91f1c6e8240d372c7b2471d5773ed91e0506ad02f9059736c6c776db7b176b4948231aeef385cdf681bb2036efbf01b38aebaae40e792366ee400d83920e273aff001b1611101641b2c220c95845f653d39cbb3acf779addc07a4efc07c10f43d1353f598bd1b784a5ff00c3639ff955b55577a2bab8e9714864ab7430b58c9087b80682e730b0768643ce3c95a169ba0ca2220222202221402561a6f9a839d75368c90651110144292c10822a40200b2808888088880a9e620c0daba8d7b6b0a8981d6b1c8487580e0edbb776c5709c2eaa974bd4860c52a63d5b073c4a0fa5d6b43f6f005ce1e050793a89ee3541bb4119ef36161dc06761cd7ce8b2d6df241844440444405d84754637b65003816869e64340703c0dc2f808538652dbe4083b41d87dfcd0779572b1cc12cad1b0ea32f99bef2478772b6d83b08a7843b688a307bc305d53fc0289d5b594f0119492c71d87cd617006dc006dcf82b98101111011110095c6e375278ba35a80d6a9222022220222202222022220222202d2be503a2134ee86b69e27c85adea650c05ce0038ba376a8198bb9e09fdd5ba91051f7b0b4904104120822c411b411b8a8af5fd2c61069715aa658eac8febdbcc4ddb36e41c5cdfaabc820e4f3bbfdbef5c68b93ceeff6fbd071a9816ccf80fc4a016dbb787e254494025611765a39851abaa8299b7fd2cac6123686b9c359de0db9f041b2ba07d1099d5bf2c9a27b23818ed42f696eb4b20d51aa08ed00d2f37dc4b5586586340000c80c8770594044440444404444044440444404444044440444404444044441a63ca334775e286bd83388f5327d1bcde371e41e5c3fc40b422b8da72d61c3ab3ac6eb30534ee238eac6e70b73b80a9ca029816ccf80fc4a016ccf80fc4a8928277d6fdef6f7f35c68b93ceeff006fbd071adbbe4efa3a65aa92b9e3b1034c6c3c65906641fd565eff004816a256a3a1263060d4c58d0dd63297737899ed2e3cecd1e1641ee91110111101111011110111101111011110145aeba8b9d7526041244440444404451250799e93e7d4c26b4f181edfb7d9fccaa334ab4bd354c1984545c1ed185b6bee33309cfb81557a78b56d637691707973e0507192b08880888824e75fe3daacd74073eb610c1e84b337d6ed6fceab1ab11e4e137f40a86fa3525df6a28bff00541b6895869b85c64dd723420ca2220222202228137413450038290283288880b8dceba990b0d6a035aa4888088b8aa6a591b4be47b58d1b5ce706b477939041ca8bc163dd2f6154b70d98cef1f3606eb8fe21b33d44ad738f74f35525db494f14233ed3c995fc8819341e4439058271b6672016a9d3fe9821a66ba2a0d49e50754cb7bc31923711fd61eeecf3362168ec7b4aebab7fb554cd20363a85d68f2d8444db307a974ec90b766f163cc1dc505bdacc11b8861cca7a925c648622e7585fac0d6bbac23679c2f6d8730ab0e9c68cd4e1d5061a868b67d5bda2d1bd80ed8f86dcc6d04e7b6e6ddd1b6cc60fd56fb02ebb4a346e9f1181d4f52cd669cc1193d8edcf8ddb9c3d47306e090829a22f53a7da0f5184cda9276e2713d5cc0765e381f45e37b7d570bcb20222ee7453466a3129c414ccb9dae71c991b77be476e1f79d8107cd80e0b3d6ceda7a7617c8eddb80dee79f9ad1bcab4dd1e688330aa510076bbdceeb247ec05e401d91b9a00b0f13bd72e83684d3e15075508d691d6324a476e470ff4b06e68d9cc924fa56b5069ed13e979b14f25162571d5caf89b516dba8e2dfe90d1b0e5e7016cf31b4adbd4d50c918d923735ec7005ae690e6b81d85ae1910a9de998b6215a3fbd547fbcf5c382e3f5748ebd2cf34449bd98f21ae3faccd8ef10505cf455cb01e9d2be2b0a98e2a86f1b75521facd1abfe55b1b01e9a30ca8b3657494ee397e95b765f948cb8039bac8363a2f9b0fc421a86ebc12c72b0fce63daf6fada57d280a0d5358210454804016501111011174da5fa431e1d492d5499860ecb77bdeec98c1de48cf70b9dc83971fd21a5a18facaa99913775cf69c46e6305dce3dc0ad778af4f140c04410d44ce1b2e1b130fd624b87d95a2348b1d9ebe7754543cb9eefb2d6ee6307cd68becf1cc9257588367635d35e255176c3d4d33776a375df6e0e7c971e21a16bec5716a8a976bd44d2cae17ce47b9c45f681ac721c82f897203addfc78f23cd071a9816ccf80fc4f240db6df57fca89374026eb08882ee51baf1b0f16b4fdc1732ebf47a50fa5a778d8e86277ae3695d820f871ac220ac85f05446248de2c41fb8b4ed6b86e2330ab0f491d1dcf84c9ac2f252bdd68e5b662fb23980f35fcf63ad716cc0b4b5f591c11be595ed646c69739ce36000da4aab9d26e9e498b4f6617369a327aa8fd2dc65938bcee1b81b0cee5c1d4e8468754e2b3f5500b31b6324a4762269de78b8d8d9a333c80245a5d12d17a6c3601053b6c36b9e7cf91de93cef3cb60dcaade83e96cf855409e23769b092227b32b2f983c08cecedc788b836b74771c82ba9d9534eed663c7d66bb7b1e37386f1f820ec91110535d3337c42b0ff7aa8ff79eba75d8e91cbaf5750ef4a799deb91c575c827e777fb7dfedefdb0453f3bbfdbeff006f7ed0e5a1ad9607f590c9246f1b1cc7b98e1dce69057bcc13a62c569ac2491950dcbb32b3b407d23355d73c5d75af865dff00199504160b08e9ee91c3fa4d34f13bf665b2b7bf32d23d456c3d19d30a2c44134b3b5e40b961bb6468e258eb1b73d8a9d2fa30fae929e464d0bdcc918759ae69b107e376fba0bb48bc8f463a60315a312b801330f573346cd70327347a2e163c8dc6765eb9011110168cf291c733a6a169d97a878efbb23fe6fac2de6aa0f48d8dfcb712a99c1bb0c858cb1b8eae3ec308e170dd6ef7141e6d111014c0b667c07e2792016ccf80fc4f25126e8392fadb76f1e3c8ae22117203addfb8f1e45071a210882def46d56d970aa2734dc0a78a3fad13446e1f69857a55a7bc9cb1deb29a7a371ed42feb597b7f572ed0dee7b493f4816e141e1fa5dd14a8c4a8baba79087c6eeb3aab80c9ec3cc71dce1b5b7cafb76ddb56a581d1b8b646b9ae692d2c7021c1c0d8870398b1dcaee136552ba50d22662188cd3c6d688c5a2610002f6c771d6388f38937b13f37546e41e59ced6ccedf6fbfdbedb17d05e86d550c4fa8a87bd9d781ab4e76340cc4b28398908c80cac0e7726cdd09a338b7c8eae0a9d46bc45235e5ae008206db5f61b5ec771b1dcae3e1f5ac9e264d13b599235af69e2d70b83f7a0fa17056d53618df2bcd9b1b1cf71e0d602493e0173ad7dd38e3bf25c2e460367d411037f75d9c87bb5011f5820abee71249399399ef2b08880a632eff008cca0cbbfe332a0827e77ef7b7dfedefdb0453f3bbfdbeff006f7ed0822220da3e4f78d753883a9c9ecd4c6401fb48aef6ff0097adf58564552ed1dc50d25541522ffa29592586d21ae05cdf1171e2ae7c6f0e01c0dc10083c41d85049111079ee90318f91e1d55500d9cd89cd61fda49d861fb4e0a9f2b13e51988ea50c30036334f73cd9134923ed399ea5a0a9a120b6c017bbcd076347a4efc078a0f8d65a576558c962b75843da72e37e44917ee5f14f10162df35db2fb45b683ddc507113758444044441973afb7e3bd611640be483d5f45da41f20c4a0949fd1b8f5527d1c96049e4d3aaefaaada34dd536a681b1b0b8904edb8b730036fb36137d8eb5bbecb7445a4c2bf0f6126f2c27a99389d40351e47eb3357c75b820e1e9a71e751e17216121f3b9b4e0f01207179fb0c78ef21558560bca4aa2d494b1fa53b9ff0062323f98abea02b0fe4ed8f3a6a49a91f73f267b4b0fece6d73abe0e63cfd60abc2dc5e4d9556aaaa8af9ba163edf46fb5ff00f28f5a0b00ab3f4f3a45f2ac43a861bc74a0c7c8caeb194f859adef615bf74d31f6e1f453d53ad7630ea03f3a4776636f717117e573b954a635ef909275a69097927e6eb665ce3e91bdf95f8ec0eb565a6cbb1ac12444365b3da47afc6d7d61966be19e3d522c6e08b83bed72331c6e0a0e3288880888824e75fbfdbef5145cd4f017666e1a369b5edcbff00a814d4e5f7b6edbe39003992ad774518a7ca70aa579f398cea5d9dcde12582e7986b4f8aac7513b626b436c787023304eccc137b8df95b96e5f26dc4f5a0aaa63f32464a3ba56ea903b8c43ed20dca88882bef94956eb55d2c3e842e93f8afb7f296ab648e019230e718b1e233399e2db1b2f67d3a567598c4cddd13218c7f0daf3f7bcaf051c85a6e36fc6478a0ef5d5a0c6d9650d3b751837919126ff017493cc5e758fa86400e006e0b12ca5c6e7bb80038003628202222022220cb45f20bb0a30233dab83706e2e32c8ea9b8b806db4772ebdaeb1f8deb9eaaadcfb037b0e3993cc9de831513df26df56f7dd72789b7b372f77d08e93fc8b106c6f368aaad0bb807dff0044f3f5896f7484ee5af564141babca5e6bc942cf45b3bbed1887e45a517aad3dd2b3891a491c4ebc74ad8a4bef99b249acf1fbcdeadde36dcbcaa02d99e4f73eae2a47a74f2b7d4e8dff00916b35e8ba3ec79b87d7c556f04b636cd90f9c5d048d637c5ce68beeda8360794469375b3c740c3d986d2c9f4ae6f61bf55849ff001392d56d9dcd2d9596360d69e440b76b91b647fe170e235af9e592694eb3e47b9ee3c5ce373ed5c514a5a6e3bb882381076a0ef27ac018d9640d73c8ec377341de6ff1b97472c85c6e76fc64380589242e373b7e32037051404444044441cb4d0179b0f83c07a8afb3ae11b6ce6e76b019807317245f23768bdb685f0c726a9f8ddb12590b89713725061ef2e373f1c96c9f27ec47aac53ab2729e19196e2e6da41f731deb5ad17a2e8eebba8c4e8e4fef11b4feec8ed477dce282e022220a97d2d7fd5eb3e907fa18bc8a2202222022220222202222022220222202222022220222202222022220222202fbf00fed54ff004d17fb8d444174d11107ffd9, 'other', NULL);

INSERT INTO `photo` (`id`, `photo`, `relativeTo`, `idAccommodation`) VALUES
(7, 0x89504e470d0a1a0a0000000d4948445200000200000002000806000000f478d4fa0000000473424954080808087c086488000000097048597300000dd700000dd70142289b780000001974455874536f667477617265007777772e696e6b73636170652e6f72679bee3c1a0000200049444154789ceddd7fd065557de7fbf7b71141072ccc08d88d62a852d1b262d4b481562c1a4819f925f42589e68e88b9931aa7ee25167130d7d2480b5127135ac3cd305331654511ef4d4869a02342b486064a0970454c4c59d24a1506a1db068d94cd555a86fede3ff66e6c9afef1fc38677ff739ebfdaa7aeaa1807ed6f79cbdfaaccfb3d6da6b4766224992dab2a2ba004992343c038024490d32004892d420038024490d32004892d420038024490d32004892d420038024490d32004892d420038024490d32004892d420038024490d32004892d420038024490d32004892d420038024490d32004892d420038024490d32004892d420038024490d32004892d420038024490d32004892d420038024490d32004892d420038024490d32004892d420038024490d32004892d420038024490d32004892d420038024490d32004892d420038024490d32004892d420038024490d32004892d420038024490d32004892d420038024490d32004892d420038024490d32004892d420038024490d32004892d420038024490d32004892d420038024490d32004892d420038024490d32004892d420038024490d32004892d420038024490d32004892d420038024490d32004892d420038024490d32004892d420038024490d7a467501bb8b888381e38095c0aafe6be51edf57018755d52849d25e3c0a6c01b6f6df77ffe75ddfefcbccc7cb2adc4364666d011187036f02ce05ce008e282d4892a4e97804b801b80ef8fbccdc5e594c4900888895c0d97483fea9c02183172149529d1dc026ba30f0f9ccdc3a7401830580887816f04ee02dc009400cd2b02449e396c09dc035c0c733f3a743343af50010112b80770097022f986a639224cdb60780f5c0a73273e7341b9a6a008888b3803f065e31b54624499a3fdf04de9b99d74fab81a90480883801f82fc0c913ffe19224b5e356e0ffcccc3b27fd83271a0022e285c0c780df98d80f9524499f05de9d99df9bd40f9c58008888d701d702474de4074a92a4dd3d04accbcc7f98c40f9bc8498011f10ee0661cfc25499a96a3809bfb3177d9961500226245446c003e093c7312054992a47d7a26f0c988d8d0df65b7644b5e028888e7007f0d9cbe9c022449d292dc08bc35337fbc943fbca40010112f06fe0e78f9521a95244913f12de0cd9979ef62ffe0a203403ff8df01fcdbc53626499226ee87c0898b0d018b5a3fe8a7fdff0e077f4992c6e2df027fd78fd10bb6e000d06f36f86b9cf69724696c5e0efcf56236062e6606e04f70c39f244963753add58bd200bda03d0df73f8c9a5d724499206f23b99f9a903fd4f070c00fd097f37e37dfe9224cd829f01a71ce8c4c0fd0680fe6cffbbf0843f499266c943c0eafd3d3be0407b003e8683bf2449b3e628ba317c9ff63903d03fd2f78e29142549928671e2be1e25bcbf1980ff32a5622449d230f63996ef350044c459c0c9532b4792240de1e47e4c7f9aa72d01f487087c0378c500854992a4e9fa26f0caccdcb9fbbfdcdb0cc03b70f09724695ebc826e6c7f8aa7cc0044c4b3806f032f18ac2c4992346d0f002fcdcc9feefa177bce00bc13077f4992e6cd0be8c6f827ed1900de325c2d922469404f19e39f5c02888895c083401414254992a62b816332732bc03376fb0f6733bec17f27703bb091ee48e22dc096ccdc5e5a952449bb8988c38155fdd76ae01c600d8b7beaeeb405dd58ff17f0d419801b18cfe37e1f03ae043664e6b6ea6224495aac88381ab818b81038b4b89c5d6ecccc33a00f007d72791838a4b62e00ae052ecaccfbab0b912469b922e258e00a605d752dc00ee0c8ccdcbe6b6ae24dd40ffe097c1038cfc15f92342ffa31ed3cba316edf8fe01dc6217463fe936b13e7d6d502746fc805997969eeeff9c49224cda0ec5c0a5c407d083817ba0d0107d33d37f888c2623ed8bf319224cdb588584f371b50e511e0a8005e0a6c2e2ce45aba69ffea442449d2d44544009fa3764fc0f12be86e59a8f218dd863f077f495213fa31ef22ba31b0caaa15c0cac202ae74c39f24a935fdd8776561092b2b670076021b8ada9624a9da06bab1b042e90cc0ed1ef223496a553f06de5ed47ce90cc0c6a27625491a8baab170556500b8aba85d4992c6a26a2c2c5d02d852d4ae244963513516ae0c603b705841e3cff1a97e92a496f5cfe2f97141d38f0645471266e6d81e3d2c49d2e022a2641c1ed3738a2549d2400c00922435c800204952830c00922435c800204952830c00922435c800204952830c00922435c800204952830c00922435c800204952830c00922435c800204952830c00922435e819d505687644c421c04b80e377fb3a1a387c2f5f00dbf7f2b50dd8bcdbd7773273c770af4292041040c9738833332adad5c245c4cb8053815380d700bfc8e4678d7602df05ee066e063665e63d136e4392462b224ac66103809e1411cf03cee1e783fecaa252b6d28701606366fea0a80e499a3a03804af4d3fa67016f074e070eaeade8691e076e043e0d5cef7281a4796300d0a022e25780df05de023cb7b89c85fa11700df089ccfc5a753192340906000d22224e02fe10f8f5ea5a96e98bc08732f32bd58548d2721800345511711af001e0e4ea5a26ec56e08f32f3a6ea422469290c009a8a88780df067c0ebab6b99b2db807765e6ddd58548d2625405000f029a53117144445c097c95f91ffca17b8d5f8d882b23e288ea622469ec9c0198331111743bfaff0438aab89c2a0f017f007c3a334bfab7242d944b005ab6883806f80cb0b6b894b1b805785b663e585d8824ed8b4b005a9688f875e0eb38f8ef6e2df0f5febd9124edc60030e322e2a088f830dd61394756d7334247023746c48723e2a0ea6224692c5c02986111f17ce06f803754d73223be0cfc56667ebfba1049dac53d005a94887831f025e0b8ea5a66cc7dc01b33f3deea422409dc03a045e8efedbf0d07ffa5380eb8ad7f0f25a9590680191311a7d2ed6e6ff516bf49380ab8a57f2f25a9490680191211e70237008757d732070e076ee8df53496a8e7b006644ffdbea0dc021d5b5cc991dc01999b9a9ba10496d7213a0f6a95fafbe057ff39f96edc05a9f2320a98201407bd5eff6bf0dd7fca7ed21e0f5de1d206968de05a0a7e9eff3ff120efe43380af852ff9e4bd2dc33008c547f6adddfe0ad7e433a0ef81b4f0c94d40203c078fd119ef057e10d74efbd24cd35f7008c50fff09a1be9ae8f8697c0e999f9c5ea4224cd3f37010a78f291be5fc707fb547b1878b58f1296346d6e02141111c06770f01f832381cff4d74492e68e01605cde4ef70c7b8dc35aba6b224973c725809188882380cd78cbdfd83c041c9f998f541722693eb904a00fe1e03f4647d15d1b499a2bce008c407fd4ef5799ad40b613b803b80bd8023cb8c7778055c0317b7c5f0d9cc8ecbdd6d77a54f06c898815c01ae01cba7eb7aafff248ed616ca7fb2cd842f739b111b83d337796563542de05d0b088f80af0faea3a16e031e026e03ae0f399b96d293f24228e06ce06ce054e030e9d5885d3735b669e545d840e2c220e052e042e068e2e2e474fb50dd8005c99998f5517331606804645c469c0ffa8aee300fe19f830f085cc7c74923f38220e03ce04de0ffcd2247ff614fc5a66de545d84f62d22d6015700c756d7a2fdba1fb82833afad2e640c0c008d8a885b8093abebd887fb810f009f99f6b45d3f5dfb36ba53f8c6fae17d6b66aead2e424fd7dfaeb91eb8040fd09a15095c065c9a9925e3d05818001a141127015faeae632ffe15f808dd34dd8e211b8e8843e8a66fdf07fcc2906d2fd01b32f32bd545e8e7fac1ff2ae0fcea5ab424570317b41c02bc0ba04d7f585dc05e7c097849667e74e8c11f20337764e6478197f4b58ccd18af59ebd6e3e03fcbcea7bb861a9833004522e257e876c68ec99f02efc9cc27aa0b81279f887839f0fbd5b5ec6175667eadba083db9e6ff399cf69f75099cd7ea9e006700daf3bbd505ec6607f03b99f9eeb10cfe0099f94466be1bf81dba1ac7624cd7ae59fd6eff2b70f09f07015cd15f530dc40050a05fe77e4b751dbd8780b599f9a9ea42f6a5af6d2d5dad63f096fe1aaad6858c77c3a816ef58ba6baa81b804502022ce033e5b5d07dd6fd56b33f38eea421622224e046e01c630f8fe46667eaeba8856f5778d6cc1fbfce7cd3660556b8705b904d096b13c60e63fcecae00fd0d7fa1fabebe88de51ab66a0d0efef3e868ba6bab011800061611cf034eafae03f8d3314ffbef4b5ff39f56d7019cde5f4bd538a7ba004d8dd776200680e19d031c5c5cc39780f714d7b01cefa1fe16c183f183aad2eaea0234355edb81180086776a71fbff0afcf69876fb2f565ffb6fd3bd964ad5d7b265abaa0bd0d4786d07620018de29c5ed7f2433ab07ce65eb5fc3478acba8be962d7390985f5edb817817c08022e265c0b70a4bb81f7869c5097fd3d0df8af76d6a6f057b7966de53d87e9322e2c7f858df79b53d339f535dc490bc0ba00dd5bf317e605e067fe88e0da67b58512597016a6ca92e4053e3b51d880160589583c53f039f296c7f5a3e43f7daaa5487ba563948cc2fafed400c00c37a4d61db1f9ec7c335fad7f4e1c2122aaf69cbc6f61c0d4d8ed77620ee011848bf5efd136a42d763c09199f96841db53171187010f0315e788ef049e3d4f4b2bb320225e0ff858e6f9745266de565dc490dc0330ff5e42ddfb7dd3bc0efe00fd6bbba9a8f91574d756c3ba9deed858cd976d74d7560330000ce7f8c2b6af2b6c7b2895afb1f2da36a95ffad9505d87266ec33c2e558e950160385583c44ee0f3456d0fe9f374afb58201a0c69574b7b66a3edc4f774d351003c070aa06893b3273eea74afbd758f56023034081cc7c0cb888a27d4c9aa8042eeaafa9066200184ed593cb5ada515bf55a7d2a5d91ccbc16b8acba0e2ddb65fdb5d4800c00c3a93ab5aca57b6aab5eab27d2d5ba14b8baba082dd9d574d7500333000ca76a9078b0a8dd0a55afd50050283313b8806e107139607624dd35bba0bf861a98016038ce004c9f33008dcace0781f37063e02cb81f382f333fe8e05fc700301c6700a6cf1980c6f5ebc8c703efc17302c6681bddb539de35ff7a9e04389088d8013cb3a0e9e764e6f6827607171187033f2e68fa6799794841bbda8f885801ac01ce0156d33d66761506b6a16ca79b95db42b741772370bbf7f93f5dd549800680811800a6cf002069167914f0fcab1a845715b55ba1eab53611b024cd1703c070aa0689638adaad50f55a0d0092668e016038ce004c9f330092b4400680e13803307dce0048d202190086e30cc0f4390320490b6400184ed53dc9ab8bdaad50f55abddf5cd2cc31000c677351bb2746c4dc3faca67f8d2716355f756d2569c90c00c3a91a2456006717b53da4b3a9ebcf06004933c700309cca41e2dcc2b68752f91a0d0092668e27010e24220e017e424de87a0c3832331f2d687bea22e230e061e0d082e67702cfcecc1d056d4b9a039e0438e7fa01e2bb45cd1f0a9c59d4f610cea466f007f8ae83bfa459640018d6dd856dbfbf7f38ca5ce95fd3fb0b4ba8bca692b4647337208cdca6c2b67f09785b61fbd3f236bad756e5e6c2b62569c9dc0330a0887819f0adc212ee075e3a2f53d6fdbe8a6f03c71696f1f2ccbca7b07d4933ce3d000de8078aad85251c0b5c58d8fea45d48ede0bfd5c15fd2ac32000caf7acaf87d11f10bc5352c5bff1ade575c46f5b594a42533000caf721f00c02f007f15110715d7b1647ded7f45f75a2a555f4b495a3203c0f036028f17d7f046e0f2e21a96e372bad750e971ba6b294933c90030b0ccfc017063751dc0ef47c43baa8b58acbee6dfafae03b8b1bf969234930c00353e5d5d40efcf23a2ea013a8bd6d7fae7d575f4c6720d256949bc0db0407ffbda56e0b9d5b5000f01e764e61dd585ec4f3ff86f048eaaae05f811b0725e6ea79454cbdb001bd20f1cd754d7d13b0ab865cccb017d6db7308ec11fe01a077f49b3ce0050e713d505ece610e09311f1b131dd1d10110745c4c7804fd2d5381663ba7692b4242e01148a88bf077ebdba8e3d7c09f8edccfcd7ca22fafbfcff8afaddfe7bfa6266bea9ba0849f3c32580367da8ba80bd7823f09d88f84ffd5e854145c42111f19f80ef30bec11fc679cd2469d19c01281611b7002757d7b10ff7031f003e93993ba7d950ff54bfb7017f44edf1befb736b66aead2e42d27ca99a013000148b88d380ff515dc701fc33f061e00b99f9e8247f70441c069c49f748dfcaa7fa2dc4af65e64dd545489a2f06808645c45780d757d7b1008f013701d7019fcfcc6d4bf9211171347036702e701a70e8c42a9c9edb32f3a4ea2224cd1f0340c322e235c05799ad3d193b813b80bb802dc0837b7c0758051cb3c7f7d5c089ccde6b7d6d66de5d5d88a4f96300685c445c09fc1fd57568affe5b66ced3639407d5efef58039c43170057f55f8757d6a5b9b59dee97902d74bfa06c046e9ff63ea6e53000342e228e0036339ec36ed47908383e331fa92e64d644c4a1c085c0c5c0d1c5e5a86ddb800dc09599f95875317bf236c0c6f503cc1f54d7a1a7f90307ffc58b88757481f6721cfc55ef68babeb8b9ef9bc21980518988a07bc6fcdae252d4b9053835334bfe8ecca2be0faf072ea1fb7c91c62681cb804bc7f277db2500011011c7005f078eacaea5710f03afcecc07ab0b9915fde07f15707e752dd2025c0d5c308610e0128000e8079cf3290a6602baf7fe7c07ff455b8f83bf66c7f9747db659068011cacc2f027f5c5d47c3feb8bf065aa07e5df592ea3aa445baa4e53d012e018c54ff54be9b813754d7d2982f03a764e613d585cc8a7eb7ff66c67b84b3b43ff7d3dde9537677804b007a8a7e00fa2de0beea5a1a721ff05b0efe8b76210efe9a5dc7d2f5e1e63803307211f162e0363c1f60da1e025e9f99f75617324bfa437eb6e0ad7e9a6ddb80555587053903a0bdea07a4d3e94eb7d2746c074e77f05f923538f86bf61d4dd7979b62009801fd19f4e7023baa6b99433b80733de77fc9cea92e409a90e6fab201604664e626e0ad1802266907f0d6febdd5d2acae2e409a90e6fab201608664e675c019b81c3009db8133faf7544bb7aaba0069429aebcb068019d3ffb6ba966ed39a96e62160adbff94f44731f9a9a5bcdf56503c00cead7ab5f8fb7082ec57d74bbfd5df397d43403c08cea77acbf8eeee01a2dcc9781d7b9db7fa2b65417204d48737dd90030c332f3fbc029c047f0d901fb9374efd129fd7ba6c969ee435373abb9be6c00987199f94466be9feeac8087abeb19a187e9eef17fbf27fc4dc55dd5054813d25c5f3600cc89fee135afa67b86bd3ab7d03dd2d707fb4ccfc6ea02a40969ae2f1b00e648fff8da538177d0f65d020fd1bd07a7fa48dfa9bb9dee185569966da3ebcb4d3100cc99ec5c051c0ffc37a0e46ceb223be95ef3f199795566ba2f62cafab3d33754d7212dd386aae70054f26140732e225e03fc19dd6d83f3ec36e05ddede373c1f07ac19e7e380359f32f3eecc3c09f835e0d6ea7aa6e056e0d732f32407ff1afd07e74578278a664f0217550efe950c008dc8cc9b32732df006601e36c57d11784366aecdcc9baa8b695d665e0b5c565d87b44897f57db7492e01342a227e05f85de02dc0738bcb59a81f01d7009fc8ccaf5517a3a78a8800ae02ceafae455a80ab810bc6b057a86a09c000d0b8883804380b783bdd590207d756f4348f0337029f06aecf4c9f8638627d08580f5c42f7f9228d4dd2cd565d3a86c11f0c001a8188781edd33b14fa53b61706551295b819b814dc0c6ccfc41511d5aa28858075c811b03352ef7d3adf98f6adadf00a0d1898897f1f330f01ae01799fcbe919dc07781bbe907fdccbc67c26da8407f77c085c0c5c0d1c5e5a86ddbe86e57bd728c1bfe0c001abd7eb9e02574670cecfa3a1a387c2f5f00dbf7f2b58dee96b15d5fdf715a7fbe45c40a600dddecd26abac7aeaee2e7fd449aa4ed74e7fa6fa13bde772370fb98eff3370068b4fadfe45e0cbc8c6ed03f12780e7b1ff80f1400767dfd98ee9cfecdc03dc0bd634ce692346d0600958b88e702bfcccf07fae3fb7f7e11d3bf657427f02f746160d7ecc03dc03f65e68fa6dcb62495310068701171187012701add5affab18dfd9103b817fa4db107813f095cc7cb4b624499a1c0380a6ae5fc35f4337d89f0afc2ae3bbedef401e07fe5fba40b0896e6dcf3d04926696014053111107016fa43b9ce51ce0d9b5154ddc4fe836f95c0d7c29339f28ae479216c500a0898a885fa63bdce77f059e5f5cce50be0ffc3fc0a733f39faa8b91a485300068d9226225f0efe806fe5f2a2ea7da3fd39d1ef87f67e6d6ea6224695f0c005ab2887815f03ee07f010e2a2e676c9e00fe16f84866fe63753192b4270380162d22d600ef07ceacae65467c01f87066de5e5d8824ed6200d08245c4697403ff29d5b5cca89be982808f119654ce00a0038a88b3e906fe13aa6b991377d20581cf571722a95d0600ed53441c0ffc77ba7bf735799b80ff3d3337571722a93d5501606ca7be693711f1ac88f810f00d1cfca7e954e01b11f1a188785675319234046700462a22ce04fe2b705c752d8db90ff8bdccfc42752192dae00c800088881746c4df02d7e3e05fe138e0fa88f8db887861753192342d0680118988df03be05acabae45ac03bed55f13499a3b2e018c40ff18debf04ceadae457b751df0bff9586249d3e05d008d8a881381bf065e545d8bf6eb5f80b766e61dd585489a2fee01684c74de037c1907ff59f022e0cb11f19e8830bc4a9a79ce00148888e70157016754d7a225b901b820337f505d88a4d9e7124023fa29ffcf02c754d7a2657910f80d9704242d974b000d888833809b70f09f07c70037f5d75492668e016020117101b0117876752d9a9867031bfb6b2b4933c50030807eb3df27816754d7a2897b06f0c9fe1a4bd2cc700fc014f5bbc53700efaeae4583f81870716696fc9d92349bdc04386722e260bac37dde565d8b06f519ba43831eaf2e44d26c3000cc917ef0bf1638b3ba1695f802b0ce10206921bc0b604ef4d3fe7f89837fcbce04fed20383248d990160f236e0b4bfba3eb0a1ba0849da1703c004f53bc1ddf0a75ddeeddd0192c6ca3d0013d2df0bfe49baf7745eed00be036cdeed6b1bb07d2f5f0087efe5eb68e0f8ddbe5e021c32d82b185e02bf939957551752252256006b807380d5c0aafeebf0caba34b7b6035bfaafbbe8ce5fb93d33779656b51f6e029c61fd69701b99bffbfcef01360137037703df9df45fa27e70f845e035c0a9c029c0cb26d9c608fc4fe09cccbca1ba902145c4a1c085c0c574c14faab28d6e49eecacc7cacba983d190066547fb6ff4dccc7097f3fa00b329b809b33736b451111b1922e089c4af75be3f32aea98b09f00a7b5f2ec808858075c011c5b5d8bb49bfb818b32f3daea427667009841fd53fdfe91d93edb7f07703df069e0c6b1ddbad6df52793af076e02c667bb9e041e055f3fc14c1fece87f5c025ccf772986657029701978ee5d02e03c08ce93fe8ae67761fe9fb35e013c03599f9a3ea621622229e0bbc05f85de0578acb59aa1b80b3c6f2c13349fddf89ab80f3ab6b9116e06abac77a97ff5df41c80d97331b339f87f05785366aececc3f9f95c11f20337fd4d7bc1a7813dd6b993567d0f59d79b41e077fcd8ef3e9fa6cb39c0158827eddffcbccd6a6bf9b803fcacc5bab0b99a4883819f800705a752d8bf03f8137ccd37e807ecdff7338edafd992c079d57b025c029811fd34f4d7811755d7b2407703efcaccdbaa0b99a688783df067747713cc827f015e3d4b3330fbd2eff6df8c1bfe349bee078eafbc3bc02580d9f197ccc6e0ff08dd2d58af9df7c11fa07f8dafa57bcd8f1497b3102fa2eb4bf3e0421cfc35bb8ea5ebc3cd7106601122e2f7e87ecb1cb3a4dbd1ff0799f95075311522e228e04fe8ee1c187b3f7b5766fed7ea2296aa3fc7610bdee7afd9b60d58557558904b002317112f04be05fc9bea5af6e341e06d99794b75216310116be91ecf3be6db34ff3fe0e599f9bdea4296a25f7a99c5cd98d29e4eaa9a2d750960fcfe2fc63df87f916e4df996ea42c6a27f2f5e4df7de8cd5bfa1eb5bb3ea9cea02a40969ae2f1b00162022ce04d655d7b10f4f00ef074ecfcc87ab8b199bfe3d399dee3d7aa2b89c7d59d7f7b159b4baba0069429aebcb2e011c40443c0bf826705c752d7bf17de0b732f3cbd585cc82887803f037c0f3ab6bd98bfb805764e64fab0b598c88b887eea14ed2acdb9c9925cf21710960bcdecf3807ff7b81d739f82f5cff5ebd8eeebd1b9be3e8fadaac59555d803421cdf5656700f623228e07be013cb3ba963ddc4d37e5dfe42effe5eaef12b891f19d19f033e09599b9b9ba90858a881fe3637d351fb667e6732a1a7606609cfe3be31bfc37016b1dfc97ae7fefd6d2bd9763f24cba3e374bb65417204d48737dd900b00f117136dde368c7e43ae08cccdc5e5dc8acebdfc333e8ded33139b5ef7bb3a2b90f4dcdade6fab20160dfc6b61ebb09786b66eea82e645ef4efe55b19df4cc0d8fadefedc555d803421cdf56503c05e44c469c009d575ece66ee05c07ffc9ebdfd373e9dee3b138a1ef83b360637501d28434d797dd04b81711b10938a5ba8edebdc0eb5df39fae7e63e06dc08bab6be9dd9c99635b827a1a8f02d69c68f228606700f610116b18cfe0ff7de08d0efed3d7bfc76fa47bcfc7e094be2f8e5aff81b9a1ba0e699936540dfe959c01d843445c0f8ce154b6278053bccf7f58fd614137030755d7027c2133cfaa2ee2407c1cb0669c8f031644c4ab18c7e00f708983fff0faf7fc92ea3a7a67f67d72d4fa0fce8b28fa65425a86042eaa1cfc2b19009eea7dd505f4be08fce7ea221af69f19cf0384c6d227f72b33af052eabae435aa4cbfabedb2497007a11b112f81ef553bf0fd23dd5cf07fb148a882381af53ff28e127801766e6d6e23a0e282202b80a38bfba166901ae062ec8ccf2992b9700eafd3bea07ff04dee6e05fafbf066fa37e5afb20babe397afd07e905c0a5d4bf6fd2be245d1f1dc5e05fc900f0736faf2e00f874ff0c7b8d407f2d3e5d5d07e3e89b0b929d0f02e7d16dae92c6e47ee0bcccfc60eb833fb804004044fc32f08fc5653c42b713d55bfe46a43f1f603370447129afcacc7f2aae6151fabb032e042ec67302546b1bddedaa578e71c39f4b00b5c6f01bd61f3af88f4f7f4dfeb0ba0ec6d1471725331fcbcc0d748f593d09b89cee16cbcd80cfb3d0b46ca7eb6337d3f5b993e80ef9d930c6c1bf52f33300117110f000f0fcc232ee065edbe24114b3a03fedeeabd43e3ef8fbc00b32f389c21a244d81330075de48ede00ff02e07fff1eaafcdbb8acb783e5d5f95a4893000d4dfb2745366de565c830ea0bf4637159751dd5725cd91a697892e26f200000ece494441540022e210e05f81671796b136336f2d6c5f0b14112703b71496f013e0177c2aa4345f5c02a8b186dac1ff2b0efeb3a3bf565f292ce1d9747d569296adf50050fdb8d50f15b7afc5abbe66d57d56d29c3000d4f95a668ee5bc792d507fcdbe5658820140d244341b0022e230e0570b4bf84461db5a9eca6bf7ab7ddf95a465693600d01d0e717051db3b806b8adad6f25d43770d2b1c4cd7772569595a0e00a715b67d7d66fea8b07d2d437fedae2f2ca1b2ef4a9a132d0780cab5d4313c6046cb53790ddd072069d99a3c0720229e0bfc809a00f403ba73a91f2f685b13121107035b80e71534bf13789eb348d27cf01c8061fd3275af7da383ffecebafe1c6a2e657d0f561495ab25603c0cb0adbde54d8b626abf25a56f6614973a0d500707c61db3717b6adc9aabc96957d58d21c30000ceb9eccdc5ad4b626acbf96f714356f0090b42cad0680aae9537ffb9f3f55cb002e01485a96e60240441c0abca8a879d7ffe74f55a87b51df972569499a0b00c08ba97bdd7717b5abe9a9baa62be8fab2242d498b01a06aea7407f0dda2b6353ddfa5ee58609701242d598b01a06af3d47732736751db9a92fe9a7ea7a87937024a5ab21603c09145ed6e2e6a57d357756dabfab2a439d06200784e51bb0680f955756dabfab2a439d0620038bca85d03c0fcaabab6557d59d21c30000c675b51bb9abeaa6b6b0090b4640680e16c2f6a57d357756d0d009296cc00301c03c0fc3200489a390680e11800e6970140d2cc31000cc70030bf0c0092668e0160380680f9650090347302c88a8633332ada8d88a65eaf8661bfdab7885801ac01ce015603abfa2f038ca6613bb0a5ffba0bd808dc3ee69358ab3e3f0c000399850f6a2d9dfdeae9faa7155e085c0c1c5d5c8edab60dd8005c99998f5517b32703c040fca0d634d8af9e2a22d6015700c756d722ede67ee0a2ccbcb6ba90dd557d7eb4b80740d29444e783c0e770f0d7f81c0b7c2e223e1811a30ccf437206602063fd4d4d9361bfea067fe02ae0fcea5aa405b81ab820334bfeeeeece190049b36e3d0efe9a1de7d3f5d9663903309031fda6a6c96bbd5ff56bfe9fa3fb4c91664502e755ef097013e0405affa0d674b4dcaffaddfe9b71cd5fb3e97ee0f8cabb035c029034ab2ec4c15fb3eb58ba3edc1c6700063286dfd4343dadf6abfe909f2d789fbf66db366055d56141ce00489a456b70f0d7ec3b9aae2f37c500206939cea92e409a90e6fab20140d272acae2e409a90e6fab20140d272acaa2e409a90e6fab20140d27234f7a1a9b9d55c5f6e31003c5ad16844f8e8d33955786d4bfab2a4f9d06200d852d46e73e9b22155d7b6aa2fef6e0c354893d05c5f36000cc70030bf0c00d2ec6bae2fb71800b616b5dbdc0ed386545ddbaabebcbbbbaa0b9026a4b9bedc6200a84a79cddd63da90aa6b3b86df58365617204d48737db9c50050f55bd39a88f0c4b439d35fd3aa13c4c63003703bdd31aad22cdb46d7979bd26200a8faad6905707151db9a9e8ba9fb7b543e03d09f9dbea1ba0e699936543d07a0528b0f033a19b8a5a26de031bac74ede5fd4be2628228ea57b0ceea14525accdcc5b8bda7e928f03d68cf371c00da99c363d14b822227c32e08cebafe115d40dfe308e2500fa0fce8b28fa65425a86042eaa1cfc2bb51800ee031e296c7f1d704961fb9a8c4be8ae659547e8faf22864e6b5c065d575488b7459df779bd45c00c8ccc7811b8acb581f11e717d7a025eaafddfae2326ee8fbf2985c0a5c5d5d84b44057d3f5d9663517007ad715b71fc05511b1dee580d9119df5c05574d7b052751f7e9acc4ce002ba0f559703345649d7472fe8fb6cb39adb04084f9eddfe307048550dbbb9966e0dca8d8123d66ff8bb82da69ff5d76004766e6f6ea42f62522d6d1bd5f6e0cd498dc4ff7793baa697f37010ea8ffe0dc545d476f1db039222ef79c80f18988a323e272ba5dee6318fc01368d79f08727f7041c0fbc07cf0950bd6d747df1f8b10dfe959a9c01008888ff007cbcb286bdd8497718c546ba6329b7005bc6fe613f2ffa99a155fdd76aba13fed630bea0fcceccfc8bea22162a2256d0bd8fe7d0bdafbbde639f90a969d84effd949f739ba11b87dccf7f957cd00b41c0056020f52bf962b2d4602c764e6286e0194b47c2e010cacff00bdb3ba0e6991ee74f0973409cd0680de35d505488b649f953411cd2e010044c4b3806f032fa8ae455a8007809766e64fab0b9134392e0114e83f48ab0f7491166abd83bfa449697a06009edca1fc0de015d5b548fbf14de09563dec92c69699c0128d27fa0beb7ba0ee900deebe02f69929a9f01d825226e014eaeae43da8b5b33736d751192a6c373008a45c409c01dd575487b7162667acbaa34a75c0228d67fc07eb6ba0e690f9f75f097340dce00ec26225e487774e451d5b548c043c0eaccfc5e752192a6c7198011e83f68d7013fabae45cdfb19b0cec15fd2b41800f69099ff00bcb3ba0e35ef9d7d5f94a4a93000ec45667e0af868751d6ad647fb3e284953e31e807de80f08ba1e38bdba1635e546e02ceff997dae16d80231411cfa1bb35f0e5d5b5a809dfa2bbe5efc7d585481a8e9b0047a8ff207e33f0c3ea5a34f77e08bcd9c15fd2500c00079099f70227d2fd76264dc3aedffcefad2e44523b0c000bb05b08b8b1ba16cd9d1b71f09754c000b040fdd4ec5978778026e7a3741bfe9cf697343837012e4144bc03f838f0cce252349b7e46779fffa7aa0b9154cfbb00664c44bc0eb8168f0dd6e23c4477c29f87fc4802bc0b60e6f41fe0abf101425ab8cfd29dedefe02fa99c01601932f37b99f99b741b046fadae47a3752bdd46bfdff46c7f496361009880ccbc3333d7026703df2c2e47e3f14de0eccc5ceb237d258d8d01608232f37ae095c0bf071e282e47751ea0eb03afecfb84248d8e9b00a724229e45f754c1b70027d0bdd79a5f09dc095c037c3c337f5a5c8fa419e15d00732c2256d22d0f9c0b9c0a1c525b91266407b009b80ef87c666e2dae47d20c32003422220e07de441706ce008ea8ad488bf4087003dda0fff799b9bdb81e4933ce00d0a0883818380e5809aceabf56eef17d157058558d8d7914d8026cedbfeffecfbbbedf97998f97552869ee180024496a9007014992a4c1180024496a90014092a406190024496a90014092a406190024496a90014092a406190024496a90014092a406190024496a90014092a406190024496a90014092a406190024496ad00aba67a00f2e220eaf685792a4b1281c0b1f5d016c296a7c5551bb92248d45d558b86505b0b5a871038024a9755563e1d6ca1980d545ed4a9234165563e196ca00704e51bb92248d45d55858ba04b026228e2e6a5b92a452fd18b8a6a8f9d2258015c0c5456d4b9254ed62ea6ec72f9d0100b830228e2d6c5f92a4c1f563df85852594ce00001c0a5c1111515883244983e9c7bc2be8c6c02a5b5600f7018f1416b10eb8a4b07d4992867409ddd857e511e0be1599f9387043612100eb23e2fce21a24499aaa7eac5b5f5cc60d99f9f8aecd07d7959602015c1511eb5d0e9024cd9be8ac07aea21bf32a5d071099b9eb2ce28781436a6b02e05ae0a2ccbcbfba10499296abdff07705b5d3febbec008ecccced2b0032733bb0a9b6a627ad033647c4e59e1320499a55117174445c0e6c661c833fc0a67eccef66000022e23f001fafac6a2f7602b7031b81bbe8ee58d8b2ab784992c6a09f495fd57fada63be16f0d75f7f9efcb3b33f32fe0a9016025f020f56b13922469f212382633b7c26ec9a4ff17775655254992a6eace5d833f3c7d6ae29a818b912449c378ca18ffe4120040443c0bf836f082818b922449d3f300f0d2ccfce9ae7ff1941980fe3f541f50204992266bfdee833fec31030010112b806f00af18b0304992341ddf045e99993b77ff974fbb3da1ff1fde3b5455922469aadebbe7e00f7b990178f23f44dc029c3ce5a22449d2f4dc9a996bf7f61ff617004e00ee986251922469ba4eccccbddee2bfcf138afa3ff0d9a995244992a6e9b3fb1afc613f33000011f142ba23788f9a42619224693a1e025667e6f7f6f53fecf78ce2fe0fae037e36e1c22449d274fc0c58b7bfc11f16f09082ccfc07e09d93aa4a92244dd53bfbb17bbf16f494a2ccfc14f0d1e556244992a6eaa3fd987d40fbdd03f094ffb13b20e87ae0f4a5d7254992a6e446e0acbdddf3bf370b0e000011f11cba5b035fbeb4da2449d2147c8bee96bf1f2ff40f2c68096097fe07bf19f8e1220b932449d3f143e0cd8b19fc619101002033ef054ea44b1b9224a9ceaedffcef5dec1f5c740080a784801b97f2e72549d2b2ddc812077f58620080279703cec2bb0324491ada47e936fc2d6ada7f778bda04b8cf1f12f10ee0e3c03397fdc32449d2befc8cee3eff4f2df7074d24000044c4eb806bf1d8604992a6e121ba13fe0e78c8cf422c7909604f7d41abf1014292244dda67e9cef69fc8e00f130c00d03d3b20337f936e83e0ad93fcd9922435e856ba8d7ebf79a0b3fd176b624b007bfde11167017f0cbc626a8d4892347fbe09bc3733af9f5603139d01d8535ff82b817f0f3c30cdb624499a030fd08d99af9ce6e00f539e01784a4311cfa27baae05b80138018a4614992c62d813b816b808f67e64f876874b000f094462356026703e702a702870c5e8424497576009b80eb80cf67e6d6a10b2809004f2920e270e04d7461e00ce088d28224499a8e47801be806fdbfcfcced95c5940780dd45c4c1c071c04a6055ffb5728fefab80c3aa6a9424692f1e05b6005bfbefbbfff3aeeff765e6e36515ee6154014092240d63aa77014892a47132004892d420038024490d32004892d420038024490d32004892d420038024490d32004892d420038024490d32004892d420038024490d32004892d420038024490d32004892d420038024490d32004892d420038024490d32004892d420038024490d32004892d420038024490d32004892d420038024490d32004892d420038024490d32004892d420038024490d32004892d420038024490d32004892d420038024490d32004892d420038024490d32004892d420038024490d32004892d420038024490d32004892d420038024490d32004892d420038024490d32004892d420038024490d32004892d420038024490d32004892d420038024490d32004892d420038024490d32004892d420038024490d32004892d420038024490d32004892d420038024490d32004892d420038024490d32004892d420038024490d32004892d4a0ff1fca22185ee78db3d70000000049454e44ae426082, 'accommodation', 7);
INSERT INTO `photo` (`id`, `photo`, `relativeTo`, `idAccommodation`) VALUES
(13, 0x89504e470d0a1a0a0000000d4948445200000200000002000806000000f478d4fa000000017352474200aece1ce900000050655849664d4d002a000000080002011200030000000100010000876900040000000100000026000000000003a00100030000000100010000a00200040000000100000200a003000400000001000002000000000019259b9b0000015969545874584d4c3a636f6d2e61646f62652e786d7000000000003c783a786d706d65746120786d6c6e733a783d2261646f62653a6e733a6d6574612f2220783a786d70746b3d22584d5020436f726520362e302e30223e0a2020203c7264663a52444620786d6c6e733a7264663d22687474703a2f2f7777772e77332e6f72672f313939392f30322f32322d7264662d73796e7461782d6e7323223e0a2020202020203c7264663a4465736372697074696f6e207264663a61626f75743d22220a202020202020202020202020786d6c6e733a746966663d22687474703a2f2f6e732e61646f62652e636f6d2f746966662f312e302f223e0a2020202020202020203c746966663a4f7269656e746174696f6e3e313c2f746966663a4f7269656e746174696f6e3e0a2020202020203c2f7264663a4465736372697074696f6e3e0a2020203c2f7264663a5244463e0a3c2f783a786d706d6574613e0a195ee10700004000494441547801ed9d079c5d55b9b773a66426c984744a8034a3a891104c2545835791040b578cdd4fe1dae5ea954e2806100405113fb98a82f059ae5ca3220a06b0dc78d31b89d1209a00e914214048a664daf75f3373e6ec7366d753f6d97b9f677ebf33679775d65eeb79dfb5de77d5ddaf1f7f108000042000010840000210800004200001084000021080000420000108400002108000042000010840000210800004200001084000021080000420000108400002108000042000010840000210800004200001084000021080000420000108400002108000042000010840000210800004200001084000021080000420000108400002108000042000010840000210800004200001084000021080000420000108400002108000042000010840000210800004200001084000021080000420000108400002108000042000010840000210800004200001084000021080000420000108400002108000042000010840000210800004200001084000021080000420000108400002108000042000010840000210800004200001084000021080000420000108400002108000042000010840000210800004200001084000021080000420000108400002108000042000010840000210800004200001084000021080000420000108400002108000042000010840000210800004200001084000021080000420000108400002108000042000010840000210800004200001084000021080000420000108400002108000042000010840000210800004200001084000021080000420000108400002108000042000010840000210800004200001084000021080000420000108400002108000042000010840000210800004200001084000021080000420000108400002108000042000010840000210800004200001084000021080000420000108400002108000042000010840000210800004200001084000021080000420000108400002108000042000010840000210800004200001084000021080000420000108400002108000042000010840000210800004200001084000021080000420000108400002108000042000010840000210800004200001084000021080000420000108400002108000042000010840000210800004200001084000021080000420000108400002108000042000010840000210800004200001084000021080000420000108400002108000042000010840000210800004200001084000021080000420000108400002108000042000010840000210800004200001084000021080000420000108400002108000042000010840000210800004200001084000021080000420000108400002108000042000010840000210800004200001084000021080000420000108400002108000042000010840000210800004200001084000021080000420000108400002108000042000010840000210800004200001084000021080000420000108400002108000042000010840000210800004200001084000021080000420000108400002108000042000010840000210800004200001084000021080000420000108400002108000042000010840000210800004200001084000021080000420000108400002108000042000010840000210800004200001084000021080000420000108400002108000042000010840000210800004200001084000021080000420000108400002108000042000010840000210800004200001084000021080000420000108400002108000042000010840000210800004200001084000021080000420000108400002b121908a4d4a49280420104502553367ce1c555555756a6767e773d5d5d5db57ad5a754809ed8c626249130420902180039061c1110420e083c0a44993fa0f1e3cd818fccbf53933954ad5e5fe4cd7bfd3d1d1715b4343c313cb972f6fcbbdcf390420507e023800e59701298040e409a8957f940cfd0219f6cbf43dc534f03b7db6f1f59badfa5c208760cda64d9b1a239f591208810a218003502182269b10084a4046ff1819ed7365f03fa72efe1333bff76ffc33bfe93d6a943370a9e25cba6eddbae774d5a71bd1fb7b0e2000812211c001281248a28140020854cd9a35eba4f6f6f60b64f017293f43525d3584b59a28c8f8f7eb1b5fbfbbdbdada6e62a82001da43166247c05ab2639778120c01081446c08ce70f1a3468ae5ae49729a6f9fad4a663ec6bac8b6dfcb3e3536fc3164d22fc92d2b26ecd9a354de974f00d01089486000e4069b8122b04224b60ead4a943d4c2ff5775c57f490677b25d42c336fe366978c5cc1bd0f5fbd6af5f7f40df0c15d840e212040a21800350083d7e0b817810489d76da69a3d5c2feb43ee7c9f81fef96ec08187fbbe4dda6b47f6bdcb871bb962e5dda6e17806b10804030023800c178111a02b120b068d1a2eabd7bf7be5ee3eb97a84bfd6c7d1afc243ca2c6bf37e93de95bad0b97d4d7d76fd212c3e6de9b1c4000028108e00004c2456008449780baf607d6d4d4cc510a17abb53c4f2dfdea20a98d89f1b764a96b0ec1b3caeb17f579484b0c5fb6dce4100210f0208003e00188db10883081d48c1933865755f55bd4d1d1ef3fd4ca3f29dfb4c6d4f86765574e409be6345cafb903776a89e13edd64de4016214e20904d0007209b076710883a81d4ecd9b3c7c8d87d569f73d5ca3f3ac8a63c76994b82f1b7cb97aefd4a9f2f6b18e46fea1d687508c36508542c011c808a153d198f0b01339effd4534fbd4ee95dac2efeb3f53d2093f6eca57499ebfe8e126cfcb300c8597a5c3d03176abf81ffd5bc01f3ae02fe2050f10470002a5e0500104502f3e7cfaf3f7cf8f01cb5f0bf2cc33547ddfb559562acd3f228617e1bc5f30a39053f6537c2346dbe2b91000e40254a9d3c4792c094295386d6d6d69a16fe6219fe575b13594263d8f398caec499013609614dea59e95af9f70c2094fb1c4d0aa751c279d000e40d2254cfea24c20bd3eff334aa4f98cb44b2cc63f54e764a57a072e1b366cd8c665cb96b5d8c9836b10480a011c80a448927cc482407a3c5f2dfcc54af07b646cfabc4ad79a118c7fa8c6df8abe9f7a07f64b3e17e9dd08bf658961161a4e12420007202182241bd1256019cfbf4ea99ca58faf7287f12f9ff1cfd52639034d5a62788b860abebf72e5cabdbadf911b867308c48d80af8a286e9922bd10283301d3b53f4c46c38ce75fa9cff8a0e9c1f847c7f81bd9e5c8a353b2fd957a07960c1830e031ad2a680b2a5fc243200a047000a22005d2900402e655ba639491aef17ccddc1f926fa6728c8da289b431acf8f449d65b05e1120d15acd0504163be72e77710089b000e40d8c4795e6208a86bbfa6a5a5e5646d347385ba87dfa58ce955ba18eb20024e9ab3a39e01f3e6c22bd53bf033bdc5f085202c080b81b009e000844d9ce7c59a80baf607a8929fa756df57aaaa52d3b387f331fe41849b34e39f9b77e9488b1c813ba42fb76dd8b061a7ee336f201712e7652580035056fc3c3c0e04e6ce9d3becc89123e7a832ffb2d27b824973d28d57ae5cc86fe1ce9df672faa3b85e3574e8d04d2c31ccd530cecb410007a01cd47966d409a4f7dbff9cc6753fab257b83ad09c618166e0c2bbde7a4bdbde3090d1b5da2cfef56ad5af58a55bf38864058047000c222cd73224dc08ce71f3a74e864b5f2af5242df29a35f6397608c3fc6df4e2f9caef9d49797355c70833e3fd450c1b38a8bb7183a01e57a5109e00014152791c589c0d4a953076aebdd37abe2fdaad27d8a57da7d56e65ed1f4de273e9c895e65c81c98b716fe440ee84dda9a783b5b1367c070547c023800c5674a8c11263063c68c116ae57f4049bc429fe3fc2615638db1f6ab2b265cb1f4451308d728bacbb501d1fa356bd6340549036121e0450007c08b10f7634dc06cbdbb77efdef1aa48ff5d19f9377d0605cd50b12af3f473890f6722ad0b7ebed3fa221d7e5aceeb15ea1db85fce80596ec81f040a22800350103e7e1c450293264deaaff7bebf5169bb3695eafc97cece5455bee94c57be99df63bc322cbc8fe0571a7dd1b0d5217dbe2967e00ebdd2789f24c1bc016f7524440e011c801c209cc6938026f1353437379fa14af106b5924eeace45692adf7c09610c914710ddf1ab2fea19689723709fe2be8ead898310262c0e003a105b02b367cf3e5abbf07d4419b84c9bf28caaf4a5659d05b401fd1a1bbfca427ce57376e4106c9643a03251b58279037e35b632c3e10054a6dce39aeb2aedc4374115dc45fa7c4c155cbdc908c6a67cc6c64e91904774e4a172f2accac9b5fdfbf75fba62c58ae725af02dc443b69732dce047000e22cbd0a48bb19cf1f3870e03475eb5fa7cfe9ca7296ce626ca2636c8c3a228f48cba3494364df377307f49e825d12175b131ba5ade0bfaccab4823990f50811983367ce60edc0b74015d5f54ad644a7a4616c226d6c2436d2e7a4bb76d7c3d46795ad0e39d40f291d576b186dabde6268f61fe0afc208e0005498c0239addd4f4e9d38f5185749e2aa60bd56539dc2b9d6156965e69b1bb4ffa30fe767ae174addcfaa272f7377d2ed5db2dffb875ebd6c34ee9e47ab208e000244b9eb1c98d599fbf67cf9ed728c197aae2f9a0befbfb4d7cb92b4baf74923e8cbf978e58ef47505fcc5c81ebf502ac9f6cdebc997903566125ec18072061028d7276ccab74d5dd385b69bc46adfc39f9a4358295655636481fc63f4b213c4ea2ae2f72ce5b94851fd5d676dc3c7af4f81d6c4dec21d098ddc6018899c06296dc948cfe30cd447eb7baf7afd598f0092c55f32fc1a81b07d25771ce4e67474767d72b8d0f1f3ebc69dbb66d47fc6b3321a3480007208a5289779a523367ce3c5e59f89c8cfef9faee79956ec55596fd7076fc2b32ce44fcca877a079e5019bf4cef297898571afbd7f52885c401889234629a16f32a5d4d1e7a9d66ee5fa94ae13dd5d5e655ba56d58a5fe5164414182fe45be9faa272ff929c819bd4db770faf340ea20de50d6bada5cb9b129e1e2b02663c5f857d9e0abed97a776a3af118438c615a17fc7ca32f89d49756d50d3fd6e76b83070fdeb17cf9f2363fba4098f009e00084cf3cb64f94d11f2e837f8e5afa4b34896f746e46a8cc135999f78a19f922df5e65f07160d197d5aa37aed47b0ad6c81968f6f15382844400072024d0317d4c6ad6ac59635578cfd7e7d36ae93738e5c352d87b8250593ab1b2bb0e3ff4c54e2f9caec5555f548fec569e2e535df2a0de6278d0297f5c0f87000e40389c63f314339edfd4d4748a127cb5baf0ce524bbfda2bf171ad8cbcf2e5749ffc62ac9d74c3ee3afa62af2faa5f5e51fdf2754d22bc4b93089f163bde5360a74025bc86035042b871897af2e4c983eaebeb4f577abf2acffc0d41d24de5665fb9f965083ff8f9d515132ea9fa2267c0cc13b8570ec157c78c19f377f61b08a215f987c501c89f5d9c7fd9b5f56e7575f587349e7fa90addd1f96426a99591130bf28bb176d20dbbebe84b41fab25ef5d262ed46b846ef2968b4e3cbb5c209e00014ce30163198ad77f7efdf3f513bf15da871b88f5655a5ea59a7ee5f7454e60555e6896db93a6910fa52547d79569c2f6b6e6efed5962d5b5e7262cef5e004700082338bcd2fccab74070d1a34559eb479abde9bf5a9ea4e7c510ba7a224be6eaefefe631cd0177f9ad21d0a7dc9d217d31b70b3eab4efad59b366bf8e993710449972c2e200e40089fba926f1356812df991a53bb5e85e435541e59954760f1c20f7e4194067d094f5fd493d9a1cf52c9e7ba71e3c63dcebc81209ada1d16072038b3a8fda26b3c5fc6fee34ad845fa8c482790ca28bcca28cddced1b79200f37fdc8bd87be04d69747c5f022f61bc8d524e7731c00673691bd63c6f39f7cf2c957cbe85fa259fb1fd2a72e37b1541e812b8f2c84f0835f9642789ca02fd1d21789eb397d2e531d79bf860a5ed4314305363a8c036003258a97264e9c58376cd8b09952e8af287d73f571941d9551b42a23e4813c82d429e84b71f545c3a1cd6a24997903df65de40b6263a1a91ec609c9583c0d4a953874869dfa9675fa7ef717ed240e551dcca83098e7eb42e1306fd43ff32dae07d54067dd1b481cea5fa5cab09d27faff4f714e00078eb689821aab4dffe715aaa67b6ddfd777d86067978190a5390e4b1148cd512e88b0b01ca6ff8ce931c81cd6a5c5da08dd0d656e27b0a70005c0a6418b7d4caafeddfbfff1bd44db558cf7bb73eb5f93c97ca23fccac34d4ec80379b8e947ee3df4a5fcfaa23ad8cc1bb840df0f68f3a197736594c4731c803248d56cbd3b70e0c037e9d1663cff8d74330713029565f92b4babc49007f2b0ea83d7714cf4e5887a60cdfe29772579de000e8097b616e9fe8c1933ccf2bc45ea72ba4a5bf05a5ea54be51104714c2a0f4b9690af0586e721f2455f3c95c412202c7dd196e93fd4636f183f7efc8e24ed3780036051a6221f564d9f3e7d9cc697bea82ea573f53d382c65cd371fa48fca3788eea02fe84b85eacb2ae5fba243870e3dba6ddbb6234118442d2c0e40112562b6de55d7fe34751d5dad96febfc8e8d7a4a3a7b2a4b24ceb829f6ff4057df1a327e930e84bd9f4658f7a07ced7eeab7f943370282d8fb87ce3001428a99933671e2583ff4e197c3389eff576d15138cb5638edc4c16a045623d8ea85d345ca2fe5d74937acd7d5d3dbace1dd0b5a5b5b976a12e10bba17f9cd877000ac12f4779c9a3b77ee897a4da559aa779e7e72acdbcfa83ca83cdcf423f71efa82bee4ea84db39fa125d7d9143f0b59a9a9aff5cbd7af51ec9b0c34d8ee5ba8703e083bc5eb053a3f19e37cabbbb58c117ea33d0c7cf6869d2d2f4a326bd61a8cca35b99770b89f4f52aab8f03f439a32f7206ee953370cd09279cb03d4a93087100ec15d9b4f287aa2be72c75ed7f564166a9b5dff32a5dfb1fe45e45f933ca9fcbc6cf39fce0e7474fd261d017f425ad0b7ebecba92f720656c819b8e8e0c1835bca3d891007a0475bcc0b76f6eedd3b5ec2f9948cfdbfcaf04ff4a3487661caa95c76e9c9bd46faa82c7375c2ed1c7d415fdcf423f71efae25f5f646f1e57cfb2d9f57595f61b68ca6559eaf38a76004cd77e6363e39b04ff13fa9c21d85aabef5f7876c241f9e167a7174ed7d017f4c54937ecaea32f89d6173357e04b7a9df1c3da963894150515e700cc993367b0f6da5f24cfebbd32faa76ba95e7da6a0255ab9989380739751751f47181bea031f6ad21b047d29aabe3ca35ee84b04f7fe75ebd61dec855ce4838a7000b40bdf6bc46d910cfebbf43d5d1f1d1a92d6ec1755788a9bf80c61bf7fc8237efaa20aea2515a4c725e395faac9533fd0f9d3fdbd0d07058ab64522fbffcf288dadadad9bab7a8aa2a7596ca5bff8c3ec42fbf99b47b1fa1cfc8d75b4b32213cf4c5380397a96cdd576c67c06a0133a989f951ba6b5fd0dea54ac9bc4e7782354b1eb0ad417d1d131f85dd97a2f4048a9fbef43ba01eb38754967ea1cf9fb522e699ad5bb79af14adf4b9bf4d2ab817ae9d5352a9317c839aeea2c608574fcf8513e925d3e4295ef5372042ed7d0f5032a83878370b50b9b2807c054329a5d79872a99b30469986d8669f9f7a3f2b5d30cfb6b15666c5a5576b6c9c8ff5006ff8f2a434f2d58b0e0d092254b7c1b7a7b8a99ab6f7ad3f4135b5aaa1ed5959199abfe8f2a4c1e0cdbd193ea5638d6a88c2ed66ab555da78a8d52da0d3bd443800a6c57ff8f0e1db54717dce29a3e63a9547a89eaa9b28baee218ff2c94306be49e565930cfe3ddaca74f9d1471fbd77d9b265665ff302dae69e22ef0a601c75cd7cdea9ca6b94bf5f7487425fcaa72f7672421e9192c7cd6afcdeba6ad5aafd76b272ba167b07c0bc5ab7aeaeee9faacc063865d25c475923a5acc823dc964dab0cfe5f64747fa6a2f0ebfafafaa734cbb8d9adbc94fa9eb6d03e4669daa7725bede759945fcaaf1f3d4987a9607d5925a7fe039a2bb037cdc2ed3bee0e409526f8fd532d89e1ae99a4db9f6e7f3705c9b99780ca638f2a8115fadcadeec18d5bb66c7959592c79cb3e07a3e7a9caeea52abb377a054c803cbcb298759ffce2ec642984c7899dbeb4b5b57f70e3c68df77afc346b1abc57d8c8dd572be23f94a85bdd1266078731703762d9f7e017edca48ade87619d1cd92da6ff5f96f4dd0db51eeddc5b235c8f9cc6cbeb56bd72eb392a0c12914fa176dfd63b59393e6da5f0f539f35e9f6e8152b56fcd33e25dd5763db03602a8fddbb77b7b9668e963f2d7f3705c9b91766e1cc79b4af5393be8e8ece6619ccf5fa3ca8eef35f9c71c6194f1573929eaf841431909cf83b14dda7eca28c833c584a6c27397fd7906fc99dbbbf682860b29b3462eb004c9b36ed548d699ad9c4b67f2857c995cb96bbd345e491b73c1ac574ad3ebf5597fe2f070e1cb847e3f7ae8eaf930ca2785d0ec0eb95ae6db969435ff2d6972e94f0839f5184214386343cf2c8238ecb056b720b5e5cced5fa39d729ad283fcaefa41b76d7a3a42fead237c67d9df4fb016da6f3d3cd9b379bed41cdf87de4c6f0ed5806bd66862cb47150d6cfa2248fac84f59c903eea173bbd70ba564e7dd1665ca72a5d66a32edbbfd83a00cacd42bb1c9513b65d7a72af913e2a8f5c9d50cbfe6f32f80fa95bffee3163c63c16a5d785e6a6b5d8e766be827a017aa3a57c503e7a95c1c701fae2ae2faa5bcc4e9cc9730054598ec9d50f94c15d197279e59ec32f347e075530ff20fe3fd41afc47b48987e9e6aff83ff42f34fdf3a56bc823fef250c362a09bb0e3dc0360363c189bce1cca1a7f654dcbd2ee3beef2ed69e5dfa72efe3bd7af5fbf53794c6497be9dec3cae754fd5edfe6f098a3e5b60781ec6bd7c7866302700f9f5573ed4c0d897832eeb34b60e802ad41fab17e00a931b94c19f326449de7202bf92f033bbeafdaff4f4eee6e6e6fb8bb16fb74564893954f7ff60f4af24fa97b78e208fe4c84313e51dbbff8d82c4d901f881710050d6e428ab5d8d1527f9aa756f66db3e22bdfc9ac6f23754d258be9decfc5c5317e57be5245982a2cf16189e87712a1fdd9941be9e42b5042854beda086c8725ba3e87b15d066872326bd6ac27f5353e932b942bc3c2fba850e5ca7d4285c6f78238fc5a46ffd6134e38a1a226f0e5ca3f8ff394cab059e5707cf76f29bf4118566879b320425f2c30ec0e6fd63e0017dbdd485f8b6d0f80c9805e8978b2d645bfa8c35a76a44a8bd4df37954741958731fa3f57c3f596050bce7c22ce1bf1f8d396d2849a3d7bc6c28e0e8c7f3e7429bf0595df4a18366e1a3060c0e55eba15eb1e009339bd09b0beb9b969a52ae3a95e9975ba4f61a23039e946fababaa9cd96b5ffa5ef9b172e5cbf6bc9927e457b456efa1995f46dde08585b5b6b5aff7a8f07fa1744f6d457e88b9bbe98bd44f419a9d545e61d20ae7fb17700d2b9d38b45e6a982feb9ce8f4e5ff3f34d61a23039e9898c7d8b74ea01cda45da2176b98ddeaac83d54e3fe3ba0701f3fa6ef5deadd1f8ff348cbf07ac9cdbd457d457392a917bba4c9b6b9dedf77d208971007a28a4a64f9f7e8a2a6d3341d0ec80e4fa4761a230d9288831f2e64d7ad78c1d3bf64f4ce4b32154c025cdfa3f4a3f371325b5fb0ffa170425f515fae2a02f6648f23372a81f5cb3664d934318dbcb4973007a33a95646435353d3225df8ae3efd7b6ff41c5098284c393ab15746ff6b5a367367d04294130fa736044cab5fe5f16c31febfaaa88ec5f8db4072b9447d457d65550f75f1ef5139fa4c5b5bdbf24236124bac03608575da69a70d5737ee8775edeb6a79d45198284c3dfa61d6eaff5285e98a0d1b36981525fc1599c0ecd9b38f16df0febf3315558a774478ffe05c14c7d85be187d91f3bc49e5e88b2fbdf4d2c61d3b76b404d121a7b015e10058333f77eedc61f29adeab6b37eac304242b1c1fc749a88c5490ccdad8c55a41725f92deace7437c250b625af87a799171b48d91372dfd2972b64f92be8ce095b9f9634f42790b927bf2dbc7d9b95f8ef3557575757f2b455d55710e805519cd30c1e1c3874fd7b5af09f26badf7fc1ca3ac7d94d50fb6de3061f293e7dc2683745f4d4dcdc5ab57afded59b080e021158b46851f5f6eddb076b06ff38f134136f3fa608cc3bc7b51437fb2f4cf9663fd9df19e98b4ff9f527d1ec5071946f4747a7595d749beaa9db544f995532255d6d54d10e80555db42c49755aed1bd572b9469fb7a962abb2decf3d8ea372656db8969b218ff3b8e657b2fca7b276ad1cbdeff99d19eb81a2526ea7e420d7691be363c570961ca8ff2327f94dcafc203f00e2aa2f7ef2661786fce24cd8e985d3b51c7d6994bdb94246ff272b56ac785ebf096db5110e80bd84aae4108c5785f725dd3e4fdf03acc17284d725af4a34ae5626418e43e2f76715aacfaf5dbb767597808224b0f2c2a6344fa65eddf7274ad7df2c6e9fd230d9a93aaece074548f2cd27695dbf217d18eb20ca53227dd92da7fa2295b587b55bdfc120e92966581c001f34e50c8c54efc00755415e595d5da57d06acd8284c3e10f6062951614ac7afc66ae76f3516fdf9cd9b37ef4a5fe43b9b80e9c6dfb76fdf0819f91932f25f5045f4968cb1479fb369b99f95589ff570e4e12e81ecbb1197c70aad32bab27ffffeeb359edf9c9df2f29c592d59795210b3a7ce993367b01c81d35569de5055959a44cbdfbf004b5538250b33beff4319b18bb584ef80ff1455464875e56bb7cce6f1caed7ba4bb178bd31093f352c9234315e39561e17d843c92a52fa65e5259fb2f39da5f9d3061c2f628ee298203e05d2e1d439899cf1a5b7e83847c9584fd6e7dfbee32a5b017a5b037a9c57f9b0ad87585ac857514703c6fa4264f9e3c50ad8c49d2c74f2b0b1f9773d4673e0bfa5714fdb36808f15960781e2658ff0eca16dc5c5f5f7fa7c6f39f1188d0c6f33da1db04c001b08192e725b30be109aa6c3fa3df7f41df0d4ef12458f96db35cfcfca61af5a01b54c86e894a579a6dc6c3b99852af5483863ddea8c75d24a3ff0eafc7165f1ee689d6aa0463e82503eb7de4117b7dd9a386c865ea5d7bd0cffefb56d997fbd85a6acb9d96443d5fbd0343d5ed7ab694e27a55caa3d399a3b01754d8cd6cd91b860d1b76f3b265cb8ab211465a2e71fa560b7f90def475b2d27ca13e664f0bdf7fe85f41fac7b0097312baca9a0cfe6a8de72f1e3a74e8da38d7453800beabcefc039a31586d837a9a94e6263903d3333151196558381fa94bad5986ffc6112346dc18e7c2e69c43f73b0b162ca87bfef9e75f27dd31bd4ba65b3faf3f8c3fe52d88e2a02f59fa62760dbdd7d443279e78e23fa2389e1f44b6e9b038006912217d9b79032d2d2dafebe9327a9f2af59a7c1e5d0985538ccc26187768c7be0b2aa9ab7fc99225550f3ef8e0f16a6198d6fd57f419c86cf060a5a412ca879508f9cd32d65634be8eedf869539e175507dd1a97f17c5f19cd098403900324e453336fe0183901e7eab997ead3353bdb2b0d76ca9ac0d508cbe4287d68cb962d2f79f148c27d2d351d28833f4b2d8caf4abe331853cf5faa15523e7a0191dfa21aff5d32fa5709eefde55c9fdf2bdc121fe00094187090e8cd12434de65a2087e026fd6e9cdd6f935ed8356762ab0ae07b3499e609bbfc27e85a9536df394e79fd883ed72a5f5d6fac4cba7c73e5477e8b6abc8497f87275cced5cfaa7e2d76f851cef2faba5bfb6927a1a0d171c0037ed28e3bd499326f557d7f7343903a60bf87493942457962a852fa9107e5c5ef7fd65c45ed2479beda625cf49cae775faf499ad9f64f9da8125bf186b3bbd70ba562c7de99953f46395c56fc8e86f97d16f737a66d2afe300c440c266e7b6bd7bf7be5a46f21225d7bcd658adc5c4541e9d2a90b70d1a34e8e2241644b5f207287f7325bbdb64f45fe7a46ec5aadcd2f1135f62ca475aa459dfc837b07ccd1efba667f5476a643ca7ef48afcfcf1276094f70004a08b74451a7d4923c56e3c5a6ebf83279b17aa571b0bf08551e7fd6263e0bd4ddff74b01c443b74cf32bd054ae5edfa68eb68f7bf08c9c336a1a42fb0b1c9e208bfb2f17b5c75a479edf7efd4b8389425144eba08e000c45c11ccbc0119d1b74bd16f500bf3d55ed9894265a4b4b628ad9f95277eb7577ae372dfb4f4357fe14ce5ed0e3965a3fca63b0af2704b2be92b9bf1b2150bf2709687ca5e87ea9587550e97e878b31a16adb610b9d84b0007a01745fc0fccbc0175a54f95f27f4546e874e5284bbe51a83c94b6d57ab1d299ab56ad7a25eec4cdfafc03070ebc4979ba5315cf98a0f989823cdcd24cfa9c8d8d1bb7f43df885c2cfec0a7aa71946dcb061c34e1d9ba5c3fcf9249065207cfe8660f120503563c68c894aeac532501fd15b0cebb3fd81500a672f2933f146271f5321fd59efc5181e2c59d2af6ad9b2996f507ebe2f274bcbf5f2fbc33884ab7f5e52421eb192c733aad3ae574bff5eb5f2cdd83e7f7912c001c8135c5c7ed6d335bd4fc66a5826cde1167615d6bf6a79e3bc38afe99f3d7bf6d11a6a31732ebe94a009981995b01c610cc32d1f16f4b687c8a34b1e7f169cc52a83cb65f44dab9fbf2210a829421c4411610232beabca69fc85e6eaf5ebd79ba58cb19b753b71e2c4ba9123479ea5b4ff3fb5f81bc4b12b1b09dc7449f9eafec3d860fcd3bae0e7bb54faa2f26696e62dd3e75a4de2db92c415427ef8963a0c0e40a9099731fe59b3667d528f3f359384502b37d335f7664df47b2cf3fc781c89db38394edf55e5f6f6ec1487ca2ffbd13667a5aa7c338f22bf1916de47c8a3307d51993ba43757df21e37ffbc2850b77694b6cc6f3bdd5aea0100c0114842fba3f56d7ff7015a81732292cac7006acdc36e96d7573e5b59b71ff58fc99d6bede3268f6debf5b2dfdda80f9f5cc23f185aa7fc823874084f56fafeaa9254aeeafd4537840dfb1eb29cc411dab537a0062252edf894dc98bdea499e93d3f08b5f2bd59adfe4bf4e0581464bd8be158a5f5db32fae7a4e946b8b2ec4a22e90b559fd36ae1f88d3c02cb639deaa72bb46269559c1a098e0a10e31b380031169e53d2d5fa3f4f5ef5b8eefb810b6756b4012ab756391cef5ebb76ad19b78bfa5f950cff2c25f29732fcc758131b20bfd69f391e135f68fae72803eb0de4511679b4cae02f951c6e18376edce3497995ae55afe27a9c6e22c635fda43b87c0cc99338f92217eb9fb726885fd6515f0376a89df9339c989d4a959b7ffe28b2f7e5aced13795b03eba8f71084d5f7ce905f288af3c54c6cc5b3cbfa93d3fbeaf3d3fcc4e9fb1e811f4a598090a440f40828469b2a282f7c7eeaeff702a0f19fefdfabc5e4b737a9c8ee8019d3265cad0fefdfbdfa24d7bce734a1dc6261c7d71e29f7b1d79c44f1eaa0776aaeeb9429f07349e7f3057a69c478f000e40f46492778a347b7dbe7e3cd538db212d557bacb1b1f1d46ddbb61dc93bd125fca1b6491eadfd07ee5537ff3cb7c7606c42d3173731f4de431eb1918769d5af50a3e34a39d7eb77ecd8d1d22b440e6241a04f37682c524d22fb10983f7f7e4d7373f36119fffe61187f15fad55aaa332f8a4b75340762a25a23bf15a458bc1ba18f302d173086b1318616a9f93f8c9b7c55ae8c91ff89bebff68e77bc637b14cbbf7ffa84c40148880e68ec5f2f03ea777918c65fc85668a6ff7c7d476a9d6e8fe137931027eae3f917b7ca37c49e1d4f762600fc2ac63931cbf36ed11b48ef613cdf57d1884d201c80d888ca39a173e7ce1dd6d6d67a200ce3af96ff0a8defbd59a989cca49e534f3d75acc6f84d8bfff5ce94b2ef60bc2ac678f5089efc669700f73395f3ed1a3abbaab5b5f5a128cfef71cf0577bd083007c08b500cee6b7fec5f8761fc85629d8cff7c7d47c2f81bc7a7a5a5e5015554b3838809e38f31445fb209c8e09bdebcdfab2c5dad0db1b62c5bb68cf1fc6c44893cc30188b95865045f232f7d6ebed908600c1f1f3366cc1c75fd97bddb7fd1a245d5bb76edfaaaf27db12aac40590f905f5ff1121fce842f45e90914317d6954b2ee5603e256b5f29fd271d9cb761096842d9c00430085332c670c298dfdef550246e79308bf95915a07ffd42cdf13a330cb77ead4a96364f49fd027b0f3ea37bf7e59121fc6dfafae987051d0174dde7b56cbf4ccab747f2aa3cfab7483083081610357a2096410db2ccd9831c3b4fc4b6afc556134ebf3fa28187f23a89a9a9a06a5e7f73a3cd39cfbfd8b42e5eb9656d28733e1a61fb9f702eacb5639f18b65f4ff4746dfb4faf9834017017a00e2ab08296d67dba896707dd02c04a83ccc58ff7475fb6f0afa8c5287d7f2a3aa871f7e7882ba2f178bc1b96ecf0b905fb7687aef111fc6ba57197c1c84ad2f7290dbd5caff8dcac575f5f5f55b7995ae0f215568101c80980a5ec6ff7d2ae0ff1d34f9412a23b51a2ed4a4bf6f047d4619c2a7b4e9cf7172063ea1caef6a71a94ea721487ed3bf71fb263e8cbf9b7ee4de0b4b5fa4f7af48efbfaba57ab7af5ebd7ab7d2118989bab93c388f16011c8068c9c3576a4cebf7c1071f3c6235747e7e18b0325aa3967fa0d9f57ed2104618b33a401304cf960373ab180dc93c13e39561e17d14505f3c2324bee2ea9fbaf4f70bfa357575754b57ae5cf9a2a7000800811c0238003940e270aa2d7f3f26e3764f90b406ac7c0f0e1830e09824bcaaf38c33ce18f4f2cb2fbf59bcbea96e51cf9d019d9806e4e7144def75e22bae31aca04d921e95125d2907f74f8ce7f716270ef22480039027b872fdcc2c81dbbd7b77ab9eef5b7679189bd3d4fa5f5bae3c96eab95a41a09793d59eac96d3f5ea19f03d89300f7eae59203e8cbfab8264df3465fd7ee9eb0d7aafc55f65f4cd397f10280a01df46a4284f239282094c9b36ed3c8df3dde537a23c8ccdcf65fc17f98d3fc6e1aab48a62ac2ad60be4107c46dfb62b62f2e0e78a84f830feae0ad27dd3bc59f3367dbeafb268baf9599fdfcd85ff452680035064a0a58caea7f5dfe6f719418d8d2612356999dd88356bd634f97d4642c2a5b49df048e5fd437204ae519ebae60d04e5e7c582f830fe4e3aa2b2b753ba779526b2fe46adfcc8be5adb29fd5c8f27011c8018c94d9bfe5ca4e47edd4f92f331361a27ffa466fddfe927fe2487d19b151b9a9a9adeae3903372b9fe3baf38af10a22f37cf4cf2dfe04c66766e9af34467fe8d0a16bd97ad74dfadc2b15011c8052912d72bc324af5324a66130f4f99e55959fe43dd8daf55fc2c1fb2c86ec1820575cf3ffffc545dba4695f55b2db77c1fe6290fc7f8892f9ece981cec1639953f552bffa60913266c5fba7469bba390b901811008781a9310d2c0237c10d078f5b75479fcbb57d07c8d832aa737a9f5bfc22bfe0abf5fa5570e4f10ab0bf5394f2cfa7bf1c8571e4ef1125fec8cff0b92e52deae2bf7bc3860dcfea1807db49b9b91e3a011c80d091077fe049279d3458dd84cfe89703dd7e5d807130adff93dce2e65e1f02a9d9b3678f526bee23ba73a59cb361b9210a90476e545de7c4170fe32fe7708704b6582b4e1e5ab56ad52bb6c2e4220422400007200242704a8296ad1da7896937aa42798f0c4c83533873bd10e3a0d6c91cb54e56bbc5cf3d770266de406363e35b25273347636221f2b07b12f145daf877a88c2ed7e7cac3870f6fdab66ddb113b19720d0251238003103589283ddae67782c69b97e9f0357e9257a071784aadff097e9e43187f04ccbc81975e7a69aa96175e27399eae5edf5467011dbf05cab74fa289af7067a2a3a3b359cede8f6a6ada6f193d7afc0ec6f3fba8191762400007205a42326bd3ef50c5f209bfc92ab43257ebff6d6afdffdeeff308178c8059bab96fdfbe7172062e10ebf3e410d40789a150f9e63e8bf8f237fe92df73da83e326c9f2bf18cfcfd52ccee3480007202252d312bfa3d485f8848cff48bf492ab432d7f33a34f1cf6c805340fbd46f6a09670868bf815166bf01c9f90a7d46b9512954beb971135f70e32fa3ff1771bca2a5a5e58f5bb76e3d9ccb947308c499000e4004a4a7b1fe31320abb8224a51895b95a32ffb671e3c61f04792e618b4760f2e4c983060e1cf81639625f55ac93ac311743bec467addefc197f197cf32adddfea738dde87f1675ea56bd5228e9346c05a429296b758e4475bfb9ea46ec5c78324b658c641ddd16fd5ae7f7f08f26cc2968680794f81f4e014c5aefd06fae93d05fadffbe7cf78f506cf392896bea4a34d5a7c72c00ee9f35dcddaff36afd24d4b99ef4a2080035046296bb2dfb132c24f074942312b5f557ab76a08c0ec2ec85ee3418450e2b066dec0debd7bc74b3e5fd0a3fe4ddfaecb3fdd92534c7d31cf494a7c6ae9ef97c3f565b5f47f2927f8801b43ee4120a9047000ca24d9499326f56f686838a4c7d7fa4d42892adf77ad5dbbf6377ed340b8f0096862e8083901ef97b378a59e7e9cdf1494485f2c8f8f57cf848cfe4625fe720db7adaac0f75d58e4c62104ba09e000944913d4fa5faf0a7dbadfc797b0326f7ce5955786b176d9af24ca1b4e430503d555fd663904372825539c5253427de979642c8cbf7975ee2fd4d2bffef8e38fff1b4bf59cb485eb954a0007a00c92d7b8ffbb5429ddeff7d1a5afccfbdda25e00331450f63f3946bf9463f49301035afeb07cf916f3563456283848459b0fd568f3a149eac6be4aaddb778b5bd72b8d4baf2f9136fe07e51c7d4b2cbeab56fe7ef4c74179ba2f77ed6629dd79bf3e6b341c687a48f8ab20023800210bdb4cf65217a4ef9dc2c2aacc870f1f5e5fee379289cd71b5b535aab4bbd55295927979cad724a2ef69b3a27dfac61970d6d7d4dcb9734f6c6d6d3d5f06f0b332803d3b4746da587789b4d04d92b429cf1ee9c915ea197960e5ca952fa127ce4a629cc6e6e6e657ab6c5d2e661fb5d42ffbd40838c1f997dc4922011c8090a53a6bd6ac4b5541dfe8e7b196c2d913bc7495b9d274a55a00d7fb4957a9c288cdf715b76513a4acfc76aac2fa95962e5eabca6b9bde996eba77f9b32790d2bc81e1e2758e6e9b790327da0773bf1aa6feb9a7a4cf5de308ae909373755d5ddd3a2dd56bee13820bbd047a868d66abecdc2c6666a549d75fae7ca52f23981099a65319df380021cad9cceedebd7b779b9f47e6164ed3f82db4a5946e59773fbf6f7cdac2b67ac9922565591160d8ecd9b3a74969eb9914d9377d39dcfe26a7e512b566fe870d5a72c8e49caad557af3deae7e8f20d320033726edb9e9643ff6c13d27351b26ed1e7873252378f1d3bf609c6f3dd68f5eb27a33f52c38cef152fd3d818921bda41be57aba7edbadcb09c2797000e4088b2d5f8f66c55c0abbc1ee95038bd7ee678df6f7c6a219cac8d81feea1851096f88cd1455589bbb1fe169fcb35222c360ba7dafd5d0ca4fb48efb9f3a66a8208b50e6c4385a4f3df5d4eba48797c9382cd29dfe99bbdd477ef525f7774ee7f9c6a79e9e034ae3f592eb8f91ab13dddeeb557a3be57895e12fe9caa7f4e971a47beff71eb8c8a3510e80193aa2fcf4d24af6010e4088f29591dba68af7f56e8f74299c6e3f73bc17243e55b8bfd31ee767384656c21beafe7f44d1bfad083d1dadeded1d3f9633f1f5fafafaedece4e62ab4d49c39738e93d1f89464ff0519db6141f4c535e69e9b41e39333f7777d2e66eb5d6fba13274eacd3dc9d378a97e9d999effd0bef7d1ca407635407ecf1131761e24f0007202419fae9fe0f5a597a253d9ff8d402303bd085da02301323f5d7a2c796e2ad792b949fc5aa2837947b92a397bcca7d5f930887b5b5b5bcbb5fbfea254acbd82238638ac65ac5d8f6ecc87e753e2003b6441318ffc2dc0e572d48a9ac1ca51e910532d45f13b340733bfcd40792c59d9a0bf449d75470333104aca53331998a6246d4fa77ddf5cf4fe10c92af02e21b2227e0609067151a56adff9932366b4b3dc74195db6e7d16abf27c4086c62c31e4cf81c069a79d36a0adad6dba8c8c19139ea74fa0bac24dffc4bf49f1de26a7ef3b9ab56f5a9ba13a9c0e598eeae52ad51dc78bd727a4bb17a897a6677547b0e4bac9c31a9364d3a61e00332c844cac60127a1ca85027944128d952217eb30af172bb87f92d9c76bfb5bb56487caa64a6a805f067bb784b754d6f425ca9b8cd24b5bcfef2c9af2aba57248f5bf5f91eebc5ddb19bde2b6d4dfc6a3904972ae407c4ccf595c676f2d0b0cc33325e971d3972e4fe2d5bb698391bfc3910303d62757555933a3aaa7bf677485597da39ce49ca6bd408d89e738dd30412c0010849a8327266a39dafe73eceaeb20cb9b06725490ec07be400dc9775b18427a6b20bb22f426e528ac1cfb47a14ef2f948eeb65a01ea71b3a9772d6794aceec3172023eaeab17ea33d27ad72a0f71dda07b97e98d87ab59aa67a5d4f7d8f4b8682ec69b74e726b13d2513c276d82473dbe3c82a8feea0bee2bb570ec0073da2e676020874ed1c96807c443e0b32acaf530b282b9d7916ceac38ac27458a6fa235ce521f6bb29ea5b20bf6b422e557efddebda41effd9d9d1def57b7743f55c65b24afc51a93fe939c81c660a94a7ce84e75113fa35c9ae565376a12e160f50c4cd3f12ce9f72071db5d5595faa3d6e7ef6402a6bb2e98773c28c47bc5ec1a394b72aa4cfd60ad237c196bc78714503edeaf483fac4f5996043b66881b452780035074a4f611aa72cc7a894b0185d3f601c58a4fc6b0cef60125baa8caef1bb98e919f47152bbfe96759e3539ab4c77ee76fd523d04f3d37cfa872be5ac7bf60939434adccf7aa55ab5ed1d9fff47c8cf562ec388327f7a84a467facf4cbbce5f1d3d2fb012680d17fabfe75ffa86cc6bf2b49d2fb57310cd02d8924ffc7010849ba32228d32ae5d4f8b5861cf22a0d6dc8b59174a78d2b332c24c300bf417323f3379f37b92dff754299ade80dbd56b713bef8db71519c63f078b19e292fe4cd1e71a19feb7cbd857e53abc21eb734e0aed4f95c625ba637a01f84b30011c809084ab0a60a31e754e140bbb15815ababbade7a53cdeb56bd71b722b43afe79599df40a5ef628dd55eac965c87d2fe803ed7b07ccd4b6a95755faffa6e183468d0db64f0bfaa727f523af776ba5e667d4e27adcfb7d26ee6007c541f8601fad049ce051c80f064b93caa853d8dc0a44f0ec0b6f479a9bf5521de14e41951e2a7b49bee9c77a9a27c57cf50c1633a5face33ff6748b07c91a61e34da0ebad7a720c8dc1bc5c1f33b6dfd5b56fbe9dfea2a4cf3669549ea68e5fbd7ad31336f7b89410023800210952afb77dbcb9d9ba7aaaac637c7d729dae8c9a9a9acc04af92ffe99d0355da98e7ed7e1f944e5f267ce4f86987c7ae9715f5d3be062f289dd76b37bb1f6fdebcd96c4dcc5fc20898e12bf560bd4ad9ba449f8fc8f8079a3b13037deed7de5e73b1f2f69984898eec580858a79c5a2e735802022919869eeeb4c8192f65b74b155af54ad03e7bc39780857959c96bd55afe9b9fb8e35059f6f0ebc94e46be9a3bd0ac6ee0bb346fe056cd1b784a01e852f523f40886314bf5d4e3a34dabfa5da76fb36f455ef5678cf4b953f541b5f2c9dc8e08ea633192440f403128fa8ba353c6e0db5aeaa3f7b5fbfb815da852561eaad4aeb67b6629aec9f8fb7a5629f3db9daf8cb1ce279f5ee993f137dd3e9f570bf1f39a446824ff077dae3a74e8d0a3dbb66d3b92cf33f94d7804ccf6c8da1be29d7aa231fa638c2d8c6af9eda652d4f4a5e6cd9b77ec8a152b9e0e8f384f0a93405e1e6c98094cd2b3d482385e4ec0de7cf3e4656c82c69b1b9fd236529b0099eeeb52ffa5640cdbf51057fdcb4d5f022bdf1d720c2ed79af9879937506a95f31d7fef0b92f48bffd06748e6974535ae8a36faf17574745ea63a21d05c9d0c2f8ea24ec0b5028e7ae26398be94668fbfa209648382a63d0463f88fb56bd7f5ce580e9abe20e1b593dc896a19bbae360821bf916ac9a975f99298dcaca182bbe50c98165701fd4441a44158339ebf6fdfbed76909ec6295cdf78a486da5e99f4b7e5bb51f4028c3826862f80470004266ae96ef423df2c1208f75299c41a2e90d6b175f5b5bfbc91b376efc6b6fa0121ec809ba5115add957def6cf2e7d15d4ed2a269d4794dfff9241ba69c28409db972e5d6a7a4bf82b2201339eaf1eaf79d2c3afc8f99a6e8d1afdcbee99d070dd51f45059352439c73800e1cbb2aaa7fbdbd79343aa8cfe212f3f94d6bfc9b41c806655bc75760042caafdda37d5d2b47fa64a056ea73c5c89123d7f14a635f62b20d24bd1b218eef534fcb620538c12e5039e46b970ea76be5489f1ca573b4fdf32f9dd2c4f5f812601260f8b233b3c0cfd6e7575e8f0eb1b0ff8b575a8a757fca94294331fedd34fdca57bce6eaf3a703070e98ad89f7a84236af34fe0daf34f6d4ca2aad3619af61952fcaf07f5c0c07ebe3f823bff2708c20e74652e293c3f42d650d072047be4938752e0d49c85d74f36026c199c980a39d921856e5a18af14e4df2f9a4533a8a7d5df9fe88e2fc516ebc61e537f7b97ecf239abe8372046e5305fd3df5e0ec575e8c7359d17fda85afbfde3e384d86fecbd2edb7888daf464e44e5db2bcb72a74fab56ea58b5d22b8ec41cf82a1c89c96d7432d2d9bf7fff29da28c6bc23bdfb050196b48555d8653c1acf3aebac4fcb01b03cbdb4877aa6d91e35eb2161e537eba1014e229cbea3c4f22aa5ef2a756fb7e9f8fe54aa4daf34eefc6b05bdd238a5f1fc615a4df10e952533af441b3275ffb9b5f6d361cc7784e5db95cc28a44f4e95e1baa52b41fc4b0c017a00ca284a55daa6d2fa8d35096116763921476b8d6f683bd599d6594343434bb9f26b7daedfe330e5e1374dd6702ee9dba47097cb2958a9b71836597f13f7e39e59fbe364f43fabf2f311b5f48fc9374f2efcf28a32a9f1c971ff85e601981512fc2588000e409985a92ef10b95849b4d32c2ac3c54694e51cbffcf61667fdab469a76a3cf6d1f433c3cc6ffa9941be1394bea7652caf9133f073c93c8c7d1e8260f615d6bc55afbebe7a567b7b95d99ef6adfae855bad9b3d57d4564099420f95a72e57c58687e35cc64baee589eea8c387677700022203239019b5538a764ef8b539aca4d9efc117d5ead2e62d775f8a5c0a2f5ff3f9511fa8089bbd0ca28377dc4e75b5f0eabd57cb73eb7a967e049718cecbc01958ba3e4a8feabd2f8298d1acdead7cf3a76e43bbfb9aad2758ebe04e717768fa1ade0b8585402cc01282acefc225325373a7b2a40f0c2697db24be5f6a371e3c69d5ba675e52919ff734c3a5dd267cd86ef63e20ba42f83a46fda8ebaf37c3964667f811592cb0dda7360959c42335450d6169ed23441e9319352dfa3cf6be4a8a02f11e9e9d08bc2cc96c83fd087bf8410a007a0cc8234e3997bf6ec6955327a6411a832ef937a2763a856ffa31ac39ba61f94a582377baab7b6b61e704a5f9f8cf8bc407c45d597edc27e979c837bd4ddfbac4f111414cc74edcbc8cf97d1ffb0becf526423ad1122dfa2ca57680b8aef79e9c528ab7c388e37017a00ca2cbfbd7bf79a6d364b6afc4d1655c19ac97e6531fee6f96a619e4e655e50e51b464bf8d5da81f04689eb464d50fda71c81076494bf3f76ecd8f5c5ec35321bf228de7314ffbbf5798b74d3bc30a9cf1ffa12397d196926f2b21cb08faac6f6020e40994527c3384413e3948ad2167655b8c3cb9955f5405ca98ade9284d2e6d7f2205f87189b6c79485f46e973aee09dbb73e7ce668dc7ff41c6fa219d3fa28984a6a7c0cb99344e6d5718cb6b74e72b8e05ba6eb6de55f4a67bbfc7f7d505eb1ff2c89687958d9fe352f1d32a9e897afe637ed24098e813c00128b38c6a6b6b4fece8682ff98b69648087952bab3dc31c9ae498fe8b66e5964e5da99db1cc73fc1d95aa32cf3cdd5d1e3d2df4b364ac4d17bdd98db0515f8f49a776e8da7edd3f984a75346a1e4bbb0c7cffcece5483be87eabe79e9d349727227eadb78b9befeca9d5faf445678faccfc8c2f7931e27e3c08e00094594e5a9e95f52292a0c9f15b19a9a22e9b03f0cc33cf1cad7c957c9823283b13de2f3fbf7157487c03c5639a8cba76dceb26d3d959d5ebc4caf8775dd4fdacefee90eeff2b845f2f84b8e557b2fdac128f03d02bc1781f58fb64e39d9398a65e05aaab55954ff283541e6a8d0dcde719c5f8cd912347deda1d8f7b4bd3eb5941f2eb1597b94f7cc8c38f9ea4c3a02f9d66c8a66efefcf9b67336d29cf88e0f011c8032cb4a0e8099991ff82f6865d4d3055b16792b8f17d0ad1e4cc441e5eb153bf1e1ec78e988f5be9bbe34363686f6e6506b9a382e3e81b21884e267239e312e59b24476b9ca748f07fa732b9c6e1169c995ef7158b77802de333dc1937b7a8503feb43b78bef9757a18f1610c9d74c3ee3afa92ad2f72e83f6ac7896bf1238003504699fdfef7bf1f12f4f1855446dac92bf4391fea2ed46e6e7d5f78e437df85e4d7ee19c4975d99db3172bb063ff8493f3ee5a623dc8b0f011c8032ca4a63e3af0df2f8422bdfbababad07b00b47b58a03c5a79149a5f6b5ce698f8305eb93ae1768ebed8eb8bbaf406cbb10fbd31e1262beee5470007203f6e45f99526d474ed8bef27b26254465a8e55ebe759c50ca3550eefcb27be62e4d7fa5ce2b3afccad8cdc8ee1073fab7e6857cfc04397d6df731c0d023800659483c6d2cef6f3f86255be723842f7dad55af8889f3c5ac3142bbfe938890fe395d6053fdfe88bb7bea83151d0f2653f72204ce909e000949eb1d313aa6490c738dd4c5f2f6665a4426bb61d0ef3cfe431d0dee1c5ccafc928f17957e66e0a013ff839e8c7c71dae733946047000ca242ceda6e669188b5ff9a6425dbfab7142b3618cefbfe2e7d73cdabad52c95b96f6118725de8e0178499356c92f9695f9133ad79e5389e047000ca243775ffbfc5edd1a5d7d87b22000021c849444154a83c341e5fe7f6cc62dfd324c763fcc6598afc62fcfdd2ef1b0e79e02cf6d58acc150dedd59b2dbe3357388a23011c8032494d0ec07f383dba5495af0a6da80e80861c263be5d17abd54f9cd3c83ca3cc3c2fb0879a02fde5ad2afdff6eddb07fb094798e812c001288f6c4cbfea54bb4797b2f255b75da80e801c8e33ecf268bd56cafc763f87cadccadbeb1879a02f5e3a92beaf65c5a3d3c77cc793000e4019e4366fdebc91328e7dbacf4a5df986dd03a0218777bae12d757ed97ed88d7edf7bc803e3df572b5caff8eae1738d819b652580035006fc2d2d2d0b731f1b46e52b831cea2440391cc7e7e6337d1e467ed97e384ddbfb1b7960fcbdb52413c2e88b56f8ccc85ce1288e047000ca2035159ccbad8f0dabf2d573c37400acd3c7add96576793f8c4d9642789c84553e3c92e178bb52d3a721c5f98e50b8110b023800218ba967e66cefdbb442ae3c0684955d2d01ec33c4619e1d727e036797f4e19c04519a4ad617f5f04d09c28ab0d123800310b24c76eedcf9daf423cb5079045a979f4e679edf7d761d2c437e03259df461fc83280cfad2e9d8cb17842361cb470007207cf617994796a3f2d0d2c341216637cb0128477e83e495f461fcd11767022ee50327c0195be4efe000842b2253583ee05298f24a8ddff8e40034e4f5803c7e647df190dff4f97d0cf161acfdea8a0987be94545f7000822863c4c2e200842890e9d3a71f535d5da58978d63253d2c2999bbbd02601ea35c05d7300a87c43956faebcfb9c230fe4d147295c2e78e98be634592b339798b81545023800214aa5babafadfcb68fcd5124a853609509b84e8454006aeb57ea0f20da26ef0435f92a42f41f242d87008e00084c3d93cc558c2f3338f0bbf72930310da4e80da7340f9c5f867e41dec08e31f7ef9709310f2b097c7d2a54b3bdcb8712fda0470004292cfd4a9538fd5a38eea7e9c7d61f29b94022aa3d07a003407a03d939fb2e5379304cb5101fc2cb1640e890ff966b4c1fb2861fad2e99d63424495000e404892a9adaded69fd97afb2d424c0309701b676a32d5f7eed449bb0cad72e8b59d7c82ffa97a5101e2741f445f5498b4774dc8e38011c80700494d2ae595f28f7def461ee043878f060550e54be41d42b48e5eb275ee243fffce8493a4c507d517df270fab77cc793000e4008729b3b77eef8aaaa544304f6a60f6d15c0a851a35a2390df5ee906addc7a7fe870407c185707d5b0bd9c447d510fc02f6c33cbc5d810c0010841549a10f795881843ebacbc92e65c9383cc1c8083f93c248995a51b07f28b33e1a61fb9f7a2a22f5ad5b43a376d9cc78b000e4089e5a53df16bd4fdffde7c1f53e4c21ef6849dff0c9aef22e7974d60188609a482e89f7f674c4b7d7706824be0c811c00128b1480e1f3e3c5b8fa8cde731c5ae8cd465974f32f2fe8d5602dc19e4c7c5ce2ff1f9afccede4043ff8d9e945cfb5edcb972f6f73b9cfad1810c00128b190f4c6ac3bf27944692a5f350743fcdbb469d353eafdb02c07747e7869f26b1df1a03277a6dff70ef2405ffa6a45e68a26007e2e73c6515c09e0009450729afc374cd1f7befdcfefa34a55f96accce6a11fd26a790701d7280beed1541a9f29b792e95798685f711f2405fbcb4a4bebe7eb95718ee479f000e40096574e4c8912b83465fe2ca37f42e3b0d3b5ce7c6a0c4f9d5a3a9ccddf8e7de431ee84bae4ee49eab57ef7b74ffe75289e7390e4089e4a6976454cbf805ea262b75e5abf41c2951761da35dbf7efd0baa301eb30b50eafc62fceda83b5f431e187f67edc8dc5179be2473c6519c09e00094487a3b77ee5ca8ee6fdfebeec3a87c95d5c61265d735da9a9a9a77e7060823bf85cc79247d18c35c9d753baf147d91f1ffb5e6f6bcecc6827bf1218003502259c9f87fd36fd421561e4d7ed354cc706bd6acd9a18ae3b9749c21e637fdc840dfa40fe31f44612a495f54af7d34081bc2469b000e4009e473eaa9a78e55b413fc441d66e5a12180663f692a45183dfb5f4cbc61e6379f7c903e8c7f10bda9247dd1ccff5bd7ad5b97d7e65e419812363c0238002560ad2e6f5f4bffc2ae3cd40a2f4b0f8041bc71e3c6bfaa02d9cb2b82f357b8b0f525684a495fa29da7ced6d6d64b83ea04e1a34d0007a0c8f2d16b7f87a89beced5ed196a3b294013eec95ae52de572fc05b32f127bab2a4a783d5171955f771548efac047b2ac41deaeb1ff9e377c5a2f731c6702380045969ed6dadfe41565190b7b59bbefd47db85dbd10ffcbec7c2f0dc9be5f467dc94e88c319e94bb6332bc77da3caeeef1cc4cfe51813c00128a2f0264e9c58a756f6796e5196b3b22c770f80e1a234bc93d9f96e1a927daf9cfa929d12fb33d2976ce36fe4dbdcdc3cdf5efa5c8d3b011c80224a70c488118b159de3beffe5ae2ce5c9bf52c4ece61555cf24a2cfe7f3e372f3f34a33e94bbe31acb4392ca954d582ad5bb79675e8d0abdc713f7f023800f9b3cbfa65cf5bff2eceba683989827150f7fb214b92ca762827e03b4acbfe200988023fb7f4923e8cbf9b7ee4de8b83be747474dea725bc0fe5a69df3e410c00128922c9b9a9a3eafc97f03eca28b4a618fc210400f1f33a378921d2bbb6b51e1679736738df461fc9d74c3ee7a1cf445c3742f8d1d3b76915dfab9961c0238004590a5d9f657d15c6b1755940abb262846a207c070dab265cb4b1a92788f1d33ebb528f1b3a62b7d4cfa30fe695df0f31d177d51d99cb874e9525f6ff2f4936fc24493000e4011e4b27bf7eef315cd51b95145adb0b7b5b5456a2c4fef09b84fcc7e98cb2d7d1e357ee974a5bf491fc63fad0b7ebee3a22feac99c6ddee1e1274f848937011c8002e567c6fee52d7f25379a281676a5b36c1b01e5f2499f6b3ec0c775bc337d9efe8e22bf74dacc37e9c3f85bf5c1eb3846faf2b9d5ab57aff1ca0ff793410007a040393636365eaab1f5066b34512decdaa1b0c59ace881c771e3a74e8243927bd698b2abf342fd287f14feb829fef18e9cb5d6bd7aefd8e9f3c1126190470000a90e382050bccba7fb3f4aff72fca85bd457fbd098dd0c1b66ddb8ef4efdfff3893a428f3237d8600c6df50f0fb17177dd6aa1cd9feb59ff49b2fc22583000e4001723c70e0c0d7f4f381e928a25ed855c823bb95e7ca952b5f542fc0844a5b674d7ed3a527f877d4cb5b8cd2f7f8c2850be748029dc1a5c02fe24c40fb3cf1970f813973e60c3e72e4c88b9a30635600c4a2e53a6cd8f0fa65cb9645b217202d8369d3a69daaa18a476969a689f8fb8e91b1e9c9103d09fe24db1daa54f255a360dfc08103c72d5fbebc2d487a089b0c02f400e42947ad63bf334ec6dfb434b55741e497f5e8ad819b35ac329fed82fd2b66a98c43260518eb0c0befa3b8c8433d6ecfb7b7b78fc7f87bcb34a921e801c843b273e7ce1d23076097f9695c0abb49abc6f84c6f4587398efa9f7a02dea67d0b1e099ace38c9a33b6f18d7203246bec5d11719ff03c3870f1f1df51ec120ba41d8e004e80108ceac9f8cff2fcccfe25719c5678c4f3d01bf53eb646110f1c44f1ec5a9cc338c882fc3c2fba852f545ddfe4f6be5cd71187f6f1d497a081c8080129e3973e619fac9b438561e4a77ac26f9c80958a634bfc58f88e2280f8639fc48b63b0cf22d8e7327e3bf4363fe63ccca1bfff4099954023800c1245ba502f483385646eded1d4f07cb6a34426ba3a0ffd10e8653dd5213477960fcdd249a7d0ff916cdf86fd4fefeaf65cc3f5bbf2af90c072080f467cd9ab5b8babaea7833a12ef3579cc259eaf8346131b6bb7b6ddab449ab02fabd26c3287384718887fe652416ec08f9164dbef7697bdf19ecef1f4cff921e1a07c0a7844f3ef9e461ea41bf2a8ec6df6451937eb6facc6a2483a92760bb7a02462b71bd7b19601c8a661c7a644e7c41943f2efaa7b27f9d26009b176fc56a0830882c089b1f011c009fdc346ef64b19fffe99e0b1ab2cff91497b3c8fd413f0b436333c5a15dae1b854be19d2b1d3974cd27d1c218f68ca5765e5bd729eaff62142825420011c001f4257d7ff5bcddaf44cd0681676b7f429fd7b32f7e37b645e23ace581a3e48c3d95c945fce49149bbf711c615f97a6b4926445a5fb48ae60d32fe5d2b96327739824086000e408685ed91d9ef5f377e94b919cfca48463396930033dc33476bd6ac693af3cc33276a42e6fda65793097519365e4769e3900907bf0c0befa398f0fba75afe43366cd8b0cd3b4784a8640238001ed27fe18517bead20c776078b6f65a90ae1458facc6eaf692254b3a34a9e9ec8e8ece4bf24d784c2a734bf6e2ab7f964c381e228fc2e5abf2f0ab134f3cf138b5fc0f3a82e606047a0858a7b303258780d6fc4f56d7f9165d16a7c20b673927100ed09f96ff34e7643111a792d35c65644590cc606ce2adcf5eb2ae44f9a652559f50efd85d5e6cb80f8134017a00d22472bee7cf9f5fa34b4bf589bdf13759537e12bbf1875a3b2bf562a6aec98126af5e7f95681ccae97c228f6c0225d0bf36edf3f12a8c7f3667cebc09e00038306a6e6ebe46ad7fad3d4f464bc974993b64351197376fdefc4fadd418aacc3cec96a11254be7a9cb5232d19fae2c4107ed192afd1f7d6d6b6811aef7fd249665c878013016bcde514a6e2ae9f76da69133583f6f1aaaa54754226981d562bb9a152043963c68c4572de7e969b5f8c57b48c17f2284c1e9a047b8e0cbf9627f30781fc08d00390c3cd74fdcbf83f9020e36f3601fa534e36137daac9814bb5f3e10865f2b97446313685191bf845879f0cfffedadadae118ff74e9e63b5f02669c9b3f0b81a6a6a61b64fc4f4a48cbbf2b676a0d3f62c962451c6a3cf480327aecf4e9d36fd5f6cd5fa49b3e7fb163fca363fc25c58b64f8bfa16f76f5cb5fa5f9650f017a002caaa00d7fde984a755e9824e36fb2a7168359c950897f9daa2cff43f23c45996fef0610a9ca3c86af94865f9082542ce74965789fb6c21ea5a1bc5bf47c8c7f102110d691000e400f1a8dfb0fd0e1af3b3b5379332956614f4bab58f1a9bb70673ace4afc56a5b9556ba3eb34b4737bd29c3bab3c8ba52fe938892f1ace8e7af03e2747f6446d85fd7c5a367c43a01804f23676c5787884e248699cfc1e7df4a6bffcfea25c59f6efdfff85fc72959c5f99b7a0a9123d5f2da931ca95191e08f41765f99a8c90be6818ebb45215431ea6e74eadfea17a91cf77142fadfe345cbe8b4680390042a9aeff77caf8bf2f5faac528ecd667173b3ec59dc80d80acccfc1ecb0930ef4418a9cd833eabefdbfdfcaed8f220bee4196bab1e1543be9ac43a473d57abadf1720c816213a8f81e8079f3e68d52d7f08ff3055b8cc26e7d76b1e39363d3ae1d00dbaccfe0b85fa72ad7ffaca9a9394a7cd6b9f128b63c880fe3efa66fd2c71bc68c1953a349ac187f3750dc2b0a818ade0760d1a245d5bb76eddaa031b653f3a11987ca5c7b833fa6657193f2c95fa5fc66dab46927490756abd535dc9ae738c897d50d5689053b8e927c8d23aaa1ba052b57ae4cd43b3b824984d06113a8e42180d4eeddbb6f49b2f137c641951caf03f528551b376efcbb828cd4064267481f96e9585fe64756ff9896ab21e2f70f7efef445e3fccfc9f19c2b277dbb5fb6848340b10854ec10802afbd30551ebc383ffc5a97253e5f287e039acc85f74aa127e58ddafb5cafd4518fffc75204ee5a33b97fe8cb513917cf22bc3dfaecf9b3527e5180d4761fc9de072bda404ac4d9c923e284a919f7aeaa9a334fefb848ce3e0a0e9caa7b0bb3da3d4f1d5d6b68e5eb162d3d36e69e05e5f02da11b25e9b42dd24f97c81a5837df9385d29b53e27e0dd1ceaedeffcb09ccdff16c344bf9fc34947b81e1d0215d70360c6fd35d6b6bc128cbfa92c0f1c68aef82580f91437f3ea64b5ccbe585f3f60802aec9bf2890363187ecbda4d4e65968759c6f751d3c324e3ff531d63fcdd84c5bd5008545c0f80b686fda98cff0782d22d73e5e1995cbbf4e915a166ed7b25cff3f0e4e637c0a44993faeb6d83174877beeae73776f2a027c10fb9ee3049e127e7d118fa8f2e5cb8f0dea4bf91d3bf740919150215e50068edf7b902ff83a0f0635c196d512b36af150e4119554a78f3b2a8c6c6c64f28bfb76ba6a06d0f5a8cf5252f31925fdb9e8e56e9c77bb589cf03824a6b3f2fcde247a52650310e805afe530473a35a70d541a0c6bc723b5f0e80afcd6e8230216c17812ae9d4e93afaa574eaa8349398eb4b3a1bbebfc96f1fe3bf5ffb8abc432b4bccfb37d8bdcfb72611b01c042ac201d03effc355289f90473e3408e4b8576e9a65fc060d016c0b9267c20627a01525e3d5d5fb13bd75f034560f04e797fe459ccb9bcada1f35b1f8ff68039f7de9fcf00d81a81348bc0360ba6c359bfbaf12c449418411e7ca289dcf214386343cf2c82387d3e77c97968074ada1a5a5e5137236bfae574ad730e6ef9f771ccb9b36d9325dfb5facaeaebe4b86bfc97f6e090981681048bc03a06eda47d445fbb620b8e35819d9181bb3ddad19eea01b3288f08b1336a55ea793f42297bba47bb383469910fdf39dedb8e5573d89e6253d1f51efda63ca24e5cbb7a409183502897600d435fb7f5558cf0f023d6e9591a97f6c8c7f3f7549fe4515d4e42079276cf1094c9c38b16ee4c891676888e01ec59eb5d5b0ddd392a27f7679b3bb1697fcaa3c35ab2ef9dc90214d3f7be491adf4aad909936bb123905807209f19ff71a98c325a666ffc7bee7f5a3d00dfcb84e5a8dc04a49347c9887c58cec0379596feb9e94998fee566afcf79f4f36bbaf8ab6e542fce6dab57af7eae4f06b80081981348a403a096ff69aa68574936bef317fdcac8689a353baec65fbd029d13b4e1c85331d7cfc426df4c4c6d6d6dfd90f454f305aaea93a67f5e828b707e55743a6f974c6ed112be5dca075dfc5ec2e47e6c09582d4a6c33614db82ad6899a84f55755ac75d6eb6ec711ae8cba929d4ffa0e1d3a54b76ddbb6236ef9e65e3408cc9d3b77d8912347de29c373b326948d721ad6f19bda7cf4c52dee0a88af55f9bf4946ffbb9accb75fc7187d3785e05e620824ca01983a75ea482dc5d921e90cf12ba124566e32242fa9f53fcc2f03c24587801cd8011a6f9e2a195e2b27f6f4a0294ba23ebb31c837bfe2fbace2bd54db82ff9a57f0ba11e65e920924c60190f11fd863fc8ff32bb07c2b0fa7f82314df3735feff25a774723d3604525ac5728c5aa6ef528a2fd367bc5bca23a47fb6c92c67facc243e715caacfad070f1e54e718bd63b642e262451148840320e35f2be36fd6fabfc6aff4ca5919f9496381e93b450ec0563fcf214c7c089817593df9e493c7d7d6d69ea161aecfab8760b23e5ddb1117a82f7d20c43d3e19fc5794a907f5f98e5af99b57ad5a65cef98300042c0462ef00e8051b55cb962d7b54793ac5922fd7c3b8576eae99d3cde1c387d78b498b5738eec79e404af307866a32e17439028b64f4deae16ee8995368740f96e5797be5993bf54dff7353434ec306f738cbd74c900044a4c20ee0e404a4babfe2446f3fc724abaf1178797d5fa0fb4e5b15f76848b3e01e310ffee77bf1b24433856bd046613a277e9788e1c045f3a11fdf2913aa03cad539e7e2e6767f5e0c187f7685d7ea3ae31712ffaea490a234620ce0e404acbfd7eab8aed4cbf4ca35fb9999c5845e2bed4cf21dfd7c901b8dae11e972b97404aaf34ae3deaa8a31a84e068b59ac7c8889ea4f2334de733f47995ca476d11f4af9770d0f2a6f498ad759fd2b77969d7461d3fa674eed2e7d9975f7ef9951d3b7698d9fa260c7f108040110858ad4d11a20b2f0ab5fc7faea79de3f789412b23af78a31a9f2a4fd6ff7b098ffb6e04529a6b50a5b9065583070fae3e70e040b5e61cd4e807b532ca5ddf721a6ab45cb15a430fd532ce55ba9f526f43cf5c8454a76e755457b7e956ad2eb79beef936fdbe5517da74daa6dfb58d1a35aaed95575e699f306142c7d2a54b8d51a705ef2615ee41a0040462e9006866f4bdaa8cdeef9747548d753afdc54cdf9831636a54a1b6a7e3e61b021080000420604720760e80bafd7fac16c887ed326377ad98c6d5c41ff1f836a9fbdf74e9f207010840000210702560baf462f3a76effbb95588cbf83c4d42b72a5c32d2e43000210800004b208c4c60150cbff1ea5fc6359a9773989784bbd243d09da4ef67f5d90700b021080000420d04b200e0e8099edffdfeaf65fd49b6a8f834a34fe1a9cd8b769d326b31c8a3f084000021080802781a83b00662b5496fab98831edec68a6b5d92a963f084000021080802f02517600aa34e6bf5cb960931f0751a68dbfb9adad90ef7708c665084000021080401f02917400cc9ee7bb77ef367bd9bfbe4f8a1d2e588d617790bc36d1e98d3d66f1ed61aff35ed1710001084000023e0844ce01d06e65fd77eedcf99466b48ff691feae203133d64a73b19d937e9ff7cb8a70108000042000014320520ec0e4c99307d5d5d5ed93f11fe2573c18ffce7eda58ed21bfbc0807010840000210300422e300e895bec7691c7b97d2a4fdc8fdfd61fcbb7a121ed6ec7fb3473a7f10800004200001df04baf6eff61dba440135d96faa8cff7e458ff17760ece4eca8b7e47c879f7019021080000420e048a0ec0ec0ac59b3cc9efee6cd5fbeff9c8ca1ef087202c638bec6356bd63c91931d4e210001084000029e04caea00688dff355abf7eaf672a2d01626cac2db9f07fe8965f6d8e749e62e22d6afe71121202108000047a08946b0e404addfef7290def0e2209376318249e74d8b8c7a7d7aafe329d17be21000108400002410884ee0068b29f79aff85f94c893822434eec63a485e4d581ff9fd4f26ff05a54a780840000210481308d501d09efe23d46dbd570faf4f27c0cfb70f63e8279ade3049886fc0800197f6668803084000021080404002a1cd0190f19f26e3ffbcd287f17711921fe744f326ee5fbe7cf9219768b8050108400002107025108a03a0c97e9f92f1dfe09a129b9b7e8ca1cdcf1c2f2528be7f73cc2437200001084000023e08947a08c04cf6bb53e930b3d503fd25c858fbcab7dffcca917a60ddba752ff88a9440108000042000010702a5ee01304bd45e7478b6e365bfc6d031829c1b498a4fddff1fcec91ea710800004200081c004aa03ff22e00ff6eddbf7c8e8d1a307a8e53ad7cf4f9364ac8b9d5f19ffbbd6af5fbfd44fbc8481000420000108b81128b903601ebe7ffffedf1f7ffcf1f20152f3dd1283f1777f4be088112366efd8b1a3dd8d21f7200001084000027e0884e2009884a82760f909279c70588767d8250ce3ef6efc3b3a3acefdd39ffeb4c98e1dd7200001084000024109a482fea0d0f05a0ef819f5047cc71a0fc6dfddf88bd52b9af8675e91ccb6bf56c5e1180210800004f22650ea49807d12a631ecef6a2cfb43e91b187f4fe36f504dd507e39f561abe2100010840a06002a13b0026c572027eaaaf3330febe8cff0fd4fadf5eb0a489000210800004206021501607c03c5f46ed771d1d9d533269f1650c33c1738e12ea4cb46acbdf4fe764955308400002108040c104429f03909be2d34e3bedf8cece8ebd9d05747027d4f81b5493e4283d96cb8c7308400002108040a104cad603904ef89a356bf635363635685e80794f40e0bfa41a7ff1b81ee31f581df8010420000108f824507607c0a473ebd6ad87172e5c788c96bafdc167babb8225d8f83fa179125705614158084000021080401002651f02c84dac96092ed132c12fe75ecf3d4faaf1573e5babaaaa86a867a42937cf9c430002108000048a4520720e80c9d8ac59b366aa0b7cad5326136cfcfbb5b6b6befad1471fdde19477ae430002108000048a4120124300b91959bb76edbaa6a6a6060d09ecccbd9764e32fa7e75f31feb912e71c02108000044a4120b4ad808326fed9679f6dd53b04bea5ed83ebf4dbae170925dcf85fa071ff7b8272223c042000010840201f02911c02c8cdc8f4e9d3275457576debd72f559fb9979c7d03dadbdbbfb171e3c60b3379e308021080000420505a02911c02c8cdf2860d1b9e3cf1c43166a9e01dddf79263fc95278c7faec039870004200081921388450f80958256098c97d15ca799f2a3acd7fd1e47691841f9b85eddfe57fa4d3be120000108400002c522103b07a027e3a99933677e58c73f0a022262c6ff6332fe3f0c927ec2420002108000048a4520ae0e4057fe274d9ad47fe0c081df546fc067bd8044c9f82badd3b4cbdf26af34731f021080000420502a02b17600d250e6cc9933b8a5a5e587d5d5d567a7af59bfa362fcb5ac71f7a04183262d5fbefc90357d1c43000210800004c226900807200d6deedcb9c39a9b9b6f9723f0c1f4b50819ffc59acc78a3d255c06b8fd2b9e21b02108000042050188144390069147ac3e0002dadfb525555ea7a2d1d4c5fd67759560ffc4d93fde669bcff054b423884000420000108949580d53a963521a578f892254baa1e7ef8e1536480ef91f19f1cf22b879fd33b0de66b57c3bf95226fc409010840000210288440a21d002b98f9f3e7d76b7860969c81db747db2f59ed771906104c5ff903e9f5277ff1eaf78b90f0108400002102817818a7100ac80e50cd4c8193841867aa1ae5fa1cf68eb7debb10fe3dfa9c97d6639dfd7c78d1bf7f8d2a54bdbadbfe71802108000042010450215e900d808a26aead4a9669be1919a403851cb0a5f25e76082baf05fafefa1fa34ebde615d37adfacd32f87fafadadddf5d24b2f3dbf6ddbb62336f1710902108000042000010840000210800004200001084000021080000420000108400002108000042000010840000210800004200001084000021080000420000108400002108000042000010840000210800004200001084000021080000420000108400002108000042000010840000210800004200001084000021080000420000108400002108000042000010840000210800004200001084000021080000420000108400002108000042000010840000210800004200001084000021080000420000108400002108000042000010840000210800004200001084000021080000420000108400002108000042000010840000210800004200001084000021080000420000108400002108000042000010840000210800004200001084000021080000420000108400002108000042000010840000210800004200001084000021080000420000108400002108000042000010840000210800004200001084000021080000420000108400002108000042000010840000210800004200001084000021080000420000108400002108000042000010840000210800004200001084000021080000420000108400002108000042000010840000210800004200001084000021080000420000108400002108000042000010840000210800004200001084000021080000420000108400002108000042000010840000210800004200001084000021080000420000108400002108000042000010840000210800004200001084000021080000420000108400002108000042000010840000210800004200001084000021080000420000108400002108000042000010840000210800004200001084000021080000420000108400002108000042000010840000210800004200001084000021080000420000108400002108000042000010840000210800004200001084000021080000420000108400002108000042000010840000210800004200001084000021080000420000108400002108000042000010840000210800004200001084000021080000420000108400002108000042000010840000210800004200001084000021080000420000108400002108000042000010840000210800004200001084000021080000420000108400002108000042000010840000210800004200001084000021080000420000108400002108000042000010840000210800004200001084000021080000420000108400002108000042000010840000210800004200001084000021080000420000108400002108000042000010840204e04fe3fa60b736f976d9e680000000049454e44ae426082, 'other', NULL);
INSERT INTO `photo` (`id`, `photo`, `relativeTo`, `idAccommodation`) VALUES
(20, 0x666f746f31, 'accommodation', 14),
(21, 0x666f31, 'accommodation', 14),

-- --------------------------------------------------------

--
-- Struttura della tabella `reservation`
--

CREATE TABLE `reservation` (
  `id` int(11) NOT NULL,
  `fromDate` date NOT NULL,
  `toDate` date NOT NULL,
  `made` timestamp NOT NULL DEFAULT current_timestamp() ON UPDATE current_timestamp(),
  `statusAccept` tinyint(1) NOT NULL,
  `idAccommodation` int(11) NOT NULL,
  `idStudent` int(11) NOT NULL
) ENGINE=InnoDB DEFAULT CHARSET=utf8mb4 COLLATE=utf8mb4_general_ci;

--
-- Dump dei dati per la tabella `reservation`
--

INSERT INTO `reservation` (`id`, `fromDate`, `toDate`, `made`, `statusAccept`, `idAccommodation`, `idStudent`) VALUES
(3, '2024-06-06', '2024-08-06', '2024-06-06 15:58:56', 1, 5, 2),
(4, '2024-06-10', '2024-06-25', '2024-06-07 15:51:22', 0, 6, 5),
(6, '2024-07-15', '2024-07-19', '2024-07-15 19:47:49', 1, 7, 8);

-- --------------------------------------------------------

--
-- Struttura della tabella `review`
--

CREATE TABLE `review` (
  `id` int(11) NOT NULL,
  `title` varchar(40) NOT NULL,
  `valutation` int(1) NOT NULL,
  `description` varchar(500) DEFAULT NULL,
  `type` enum('student','accommodation','owner') NOT NULL,
  `creationDate` timestamp NOT NULL DEFAULT current_timestamp(),
  `reported` tinyint(1) NOT NULL DEFAULT 0,
  `banned` tinyint(1) NOT NULL DEFAULT 0
) ENGINE=InnoDB DEFAULT CHARSET=utf8mb4 COLLATE=utf8mb4_general_ci;

--
-- Dumping data for table `review`
--

INSERT INTO `review` (`id`, `title`, `valutation`, `description`, `type`, `creationDate`, `reported`, `banned`) VALUES
(25, 'Fratmo', 5, 'Una persona buona', 'student', '2024-07-04 14:04:54', 0, 0),
(26, 'Review', 4, 'Lorem ipsum dolor sit amet, consectetur adipiscing elit, sed do eiusmod tempor incididunt ut labore et dolore magna aliqua. Ut enim ad minim veniam, quis nostrud exercitation ullamco laboris nisi ut aliquip ex ea commodo consequat. Duis aute irure dolor in reprehenderit in voluptate velit esse cillum dolore eu fugiat nulla pariatur. Excepteur sint occaecat cupidatat non proident, sunt in culpa qui officia deserunt mollit anim id est laborum.', 'student', '2024-07-09 09:15:02', 0, 0),
(27, 'Review', 4, 'Lorem ipsum dolor sit amet, consectetur adipiscing elit, sed do eiusmod tempor incididunt ut labore et dolore magna aliqua. Ut enim ad minim veniam, quis nostrud exercitation ullamco laboris nisi ut aliquip ex ea commodo consequat. Duis aute irure dolor in reprehenderit in voluptate velit esse cillum dolore eu fugiat nulla pariatur. Excepteur sint occaecat cupidatat non proident, sunt in culpa qui officia deserunt mollit anim id est laborum.', 'owner', '2024-07-12 08:19:13', 0, 0),
(28, 'Review', 3, 'Something', 'student', '2024-07-15 15:05:55', 0, 0),
(32, 'This is my last try', 4, 'hello', 'student', '2024-07-15 17:51:58', 0, 0),
(37, 'Awful', 1, 'aaaaa', 'accommodation', '2024-07-27 16:39:07', 0, 0),
(38, 'Hopefully it works', 1, 'aaa', 'accommodation', '2024-07-27 16:42:09', 0, 0);

-- --------------------------------------------------------

--
-- Table structure for table `report`
--

CREATE TABLE `report` (
  `id` int(11) NOT NULL,
  `description` varchar(500) NOT NULL,
  `made` timestamp NOT NULL DEFAULT current_timestamp(),
  `banDate` date DEFAULT NULL,
  `idStudent` int(11) DEFAULT NULL,
  `idOwner` int(11) DEFAULT NULL,
  `idReview` int(11) DEFAULT NULL
) ENGINE=InnoDB DEFAULT CHARSET=utf8mb4 COLLATE=utf8mb4_general_ci;

-- --------------------------------------------------------

--
-- Struttura della tabella `student`
--

CREATE TABLE `student` (
  `id` int(11) NOT NULL,
  `username` varchar(40) NOT NULL,
  `password` varchar(100) NOT NULL,
  `name` varchar(20) NOT NULL,
  `surname` varchar(20) NOT NULL,
  `picture` int(11) DEFAULT NULL,
  `universityMail` varchar(40) NOT NULL,
  `courseDuration` int(1) NOT NULL,
  `immatricolationYear` int(4) NOT NULL,
  `birthDate` date NOT NULL,
  `sex` varchar(1) NOT NULL,
  `smoker` tinyint(1) NOT NULL,
  `animals` tinyint(1) NOT NULL,
  `status` enum('active','banned','reported','') NOT NULL DEFAULT 'active'
) ENGINE=InnoDB DEFAULT CHARSET=utf8mb4 COLLATE=utf8mb4_general_ci;

--
-- Dump dei dati per la tabella `student`
--

INSERT INTO `student` (`id`, `username`, `password`, `name`, `surname`, `picture`, `universityMail`, `courseDuration`, `immatricolationYear`, `birthDate`, `sex`, `smoker`, `animals`, `status`) VALUES
(2, 'Matthew', '$2y$10$xz68jh34Sb4XRrOVIBfA7.Rd8cCaZy47r', 'MIKE', 'Maloni', NULL, 'matteo.maloni@student.univaq.it', 3, 2021, '2019-05-18', 'M', 0, 0, 'active'),
(3, 'Morge', 'pippo', 'Simone', 'Cialini', 4, 'simone.cialini@student.univaq.it', 3, 2021, '2018-05-09', 'M', 0, 1, 'active'),
(5, 'Fratmo', 'pippo', 'Lorenzo', 'Maloni', NULL, 'lorenzo.maloni.02@gmail.com', 3, 2021, '2002-11-09', 'M', 0, 0, 'banned'),
(6, 'Dante', '$2y$10$JaCOvawDGXGvg/eeLKdJGezG.pygoLPpE', 'Dante', 'Alighieri', NULL, 'danteAlighieri@gmail.com', 3, 1300, '1269-12-12', 'M', 0, 0, 'active'),
(7, 'Interstellar', '$2y$10$eh0UatZFEBohW.SVuanVaeluhZi45cTUfeAAfsWTFd2D7oZviQflu', 'Matthew', 'McConeghey', NULL, 'matthew.mcconeghey@student.unito.it', 3, 2020, '2024-07-02', 'M', 0, 1, 'active'),
(8, 'eli', '$2y$10$Zz29dfbJIwXVbtn0gLNbTutz0WTaMVYTFhX4SlijYf9UBnBS9rqF2', 'Elisabetta', 'Mecozzi', 9, 'elisabetta.mecozzi@student.univaq.it', 3, 2021, '2002-11-11', 'F', 0, 0, 'active'),
(9, 'rossi1', '$2y$10$eSoBIs9w/CEZNEhX.UYkH.8Gl6FXTgBavdedWulwHjuce2u5bcExO', 'Elisabetta', 'Rossi', 10, 'elisabetta.rossi@student.univaq.it', 3, 2018, '2000-11-11', 'F', 0, 0, 'active'),
(10, 'nadmuz', '$2y$10$utJnsWdqfHVH9Lc3qs2h9.EWWteSFka.barpMHjmyx5rRTp04AgTe', 'Nadia', 'Muzyka', NULL, 'nadmuz@student.univaq.it', 3, 2021, '2002-09-15', 'F', 0, 0, 'active');

-- --------------------------------------------------------

--
-- Struttura della tabella `studentreview`
--

CREATE TABLE `studentreview` (
  `idStudent` int(11) NOT NULL,
  `idReview` int(11) NOT NULL,
  `authorStudent` int(11) DEFAULT NULL,
  `authorOwner` int(11) DEFAULT NULL
) ENGINE=InnoDB DEFAULT CHARSET=utf8mb4 COLLATE=utf8mb4_general_ci;

--
-- Dump dei dati per la tabella `studentreview`
--

INSERT INTO `studentreview` (`idStudent`, `idReview`, `authorStudent`, `authorOwner`) VALUES
(5, 25, 2, NULL),
(5, 26, 8, NULL),
(8, 28, NULL, 5),
(8, 32, NULL, 5);

-- --------------------------------------------------------

--
-- Struttura della tabella `supportrequest`
--

CREATE TABLE `supportrequest` (
  `id` int(11) NOT NULL,
  `message` varchar(1000) NOT NULL,
  `topic` enum('other','appUse','bug', 'removeBanRequest', 'register') NOT NULL,
  `idStudent` int(11) DEFAULT NULL,
  `idOwner` int(11) DEFAULT NULL,
  `status` tinyint(1) NOT NULL,
  `supportReply` varchar(500) DEFAULT NULL,
  `statusRead` tinyint(1) NOT NULL DEFAULT 0
) ENGINE=InnoDB DEFAULT CHARSET=utf8mb4 COLLATE=utf8mb4_general_ci;

-- --------------------------------------------------------

--
-- Struttura della tabella `time`
--

CREATE TABLE `time` (
  `id` int(11) NOT NULL,
  `hour` time NOT NULL,
  `idDay` int(11) NOT NULL
) ENGINE=InnoDB DEFAULT CHARSET=utf8mb4 COLLATE=utf8mb4_general_ci;

--
-- Dump dei dati per la tabella `time`
--

INSERT INTO `time` (`id`, `hour`, `idDay`) VALUES
(3, '17:00:00', 2),
(53, '10:00:00', 31),
(54, '10:20:00', 31),
(55, '10:40:00', 31),
(84, '10:00:00', 42),
(85, '10:10:00', 42),
(86, '10:20:00', 42),
(87, '10:30:00', 42),
(88, '10:40:00', 42),
(89, '10:50:00', 42),
(90, '10:00:00', 43),
(91, '10:30:00', 43),
(92, '11:00:00', 43),
(93, '11:30:00', 43);

-- --------------------------------------------------------

--
-- Struttura della tabella `visit`
--

CREATE TABLE `visit` (
  `id` int(11) NOT NULL,
  `day` datetime NOT NULL,
  `idStudent` int(11) NOT NULL,
  `idAccommodation` int(11) NOT NULL
) ENGINE=InnoDB DEFAULT CHARSET=utf8mb4 COLLATE=utf8mb4_general_ci;

--
-- Dump dei dati per la tabella `visit`
--

INSERT INTO `visit` (`id`, `day`, `idStudent`, `idAccommodation`) VALUES
(1, '2024-07-03 17:33:32', 10, 14),
(2, '2024-07-23 17:06:06', 10, 14),
(3, '2024-07-22 17:06:28', 10, 14),
(4, '2024-07-31 17:19:50', 10, 5),
(5, '2024-07-29 10:30:00', 10, 16);

--
-- Indici per le tabelle scaricate
--

--
-- Indici per le tabelle `accommodation`
--
ALTER TABLE `accommodation`
  ADD PRIMARY KEY (`id`),
  ADD KEY `accommodation_ibfk_4` (`idOwner`),
  ADD KEY `address` (`address`);

--
-- Indici per le tabelle `accommodationreview`
--
ALTER TABLE `accommodationreview`
  ADD KEY `idAccommodation` (`idAccommodation`),
  ADD KEY `idAuthor` (`idAuthor`),
  ADD KEY `idReview` (`idReview`);

--
-- Indici per le tabelle `address`
--
ALTER TABLE `address`
  ADD PRIMARY KEY (`id`);

--
-- Indici per le tabelle `contract`
--
ALTER TABLE `contract`
  ADD KEY `idReservation` (`idReservation`),
  ADD KEY `cardNumber` (`cardNumber`);

--
-- Indici per le tabelle `creditcard`
--
ALTER TABLE `creditcard`
  ADD PRIMARY KEY (`number`),
  ADD KEY `idStudent` (`idStudent`);

--
-- Indici per le tabelle `day`
--
ALTER TABLE `day`
  ADD PRIMARY KEY (`id`),
  ADD KEY `accommodation` (`idAccommodation`);

--
-- Indici per le tabelle `owner`
--
ALTER TABLE `owner`
  ADD PRIMARY KEY (`id`),
  ADD UNIQUE KEY `username` (`username`),
  ADD UNIQUE KEY `email` (`email`),
  ADD UNIQUE KEY `phoneNumber` (`phoneNumber`),
  ADD UNIQUE KEY `iban` (`iban`),
  ADD KEY `picture` (`picture`);

--
-- Indici per le tabelle `ownerreview`
--
ALTER TABLE `ownerreview`
  ADD KEY `idAuthor` (`idAuthor`),
  ADD KEY `idOwner` (`idOwner`),
  ADD KEY `idReview` (`idReview`);

--
-- Indici per le tabelle `photo`
--
ALTER TABLE `photo`
  ADD PRIMARY KEY (`id`),
  ADD KEY `photo_ibfk_1` (`idAccommodation`);

--
-- Indici per le tabelle `reservation`
--
ALTER TABLE `reservation`
  ADD PRIMARY KEY (`id`),
  ADD KEY `idAccommodation` (`idAccommodation`),
  ADD KEY `idStudent` (`idStudent`);

--
-- Indici per le tabelle `review`
--
ALTER TABLE `review`
  ADD PRIMARY KEY (`id`);

--
-- Indexes for table `report`
--
ALTER TABLE `report`
  ADD PRIMARY KEY (`id`),
  ADD KEY `idOwner` (`idOwner`),
  ADD KEY `idStudent` (`idStudent`),
  ADD KEY `idReview` (`idReview`);

--
-- Indici per le tabelle `student`
--
ALTER TABLE `student`
  ADD PRIMARY KEY (`id`),
  ADD UNIQUE KEY `username` (`username`),
  ADD UNIQUE KEY `universityMail` (`universityMail`),
  ADD KEY `picture` (`picture`);

--
-- Indici per le tabelle `studentreview`
--
ALTER TABLE `studentreview`
  ADD KEY `idStudent` (`idStudent`),
  ADD KEY `idReview` (`idReview`),
  ADD KEY `authorStudent` (`authorStudent`),
  ADD KEY `authorOwner` (`authorOwner`);

--
-- Indici per le tabelle `supportrequest`
--
ALTER TABLE `supportrequest`
  ADD PRIMARY KEY (`id`),
  ADD KEY `idOwner` (`idOwner`),
  ADD KEY `idStudent` (`idStudent`);

--
-- Indici per le tabelle `time`
--
ALTER TABLE `time`
  ADD PRIMARY KEY (`id`),
  ADD KEY `idDay` (`idDay`);

--
-- Indici per le tabelle `visit`
--
ALTER TABLE `visit`
  ADD PRIMARY KEY (`id`),
  ADD KEY `idStudent` (`idStudent`),
  ADD KEY `idAccommodation` (`idAccommodation`);

--
-- AUTO_INCREMENT per le tabelle scaricate
--

--
-- AUTO_INCREMENT per la tabella `accommodation`
--
ALTER TABLE `accommodation`
  MODIFY `id` int(11) NOT NULL AUTO_INCREMENT, AUTO_INCREMENT=17;

--
-- AUTO_INCREMENT per la tabella `address`
--
ALTER TABLE `address`
  MODIFY `id` int(11) NOT NULL AUTO_INCREMENT, AUTO_INCREMENT=14;

--
-- AUTO_INCREMENT per la tabella `day`
--
ALTER TABLE `day`
  MODIFY `id` int(11) NOT NULL AUTO_INCREMENT, AUTO_INCREMENT=44;

--
-- AUTO_INCREMENT per la tabella `owner`
--
ALTER TABLE `owner`
  MODIFY `id` int(11) NOT NULL AUTO_INCREMENT, AUTO_INCREMENT=6;

--
-- AUTO_INCREMENT per la tabella `photo`
--
ALTER TABLE `photo`
  MODIFY `id` int(11) NOT NULL AUTO_INCREMENT, AUTO_INCREMENT=34;

--
-- AUTO_INCREMENT per la tabella `reservation`
--
ALTER TABLE `reservation`
  MODIFY `id` int(11) NOT NULL AUTO_INCREMENT, AUTO_INCREMENT=7;

--
-- AUTO_INCREMENT per la tabella `review`
--
ALTER TABLE `review`
  MODIFY `id` int(11) NOT NULL AUTO_INCREMENT, AUTO_INCREMENT=39;

--
-- AUTO_INCREMENT for table `report`
--
ALTER TABLE `report`
  MODIFY `id` int(11) NOT NULL AUTO_INCREMENT;

--
-- AUTO_INCREMENT per la tabella `student`
--
ALTER TABLE `student`
  MODIFY `id` int(11) NOT NULL AUTO_INCREMENT, AUTO_INCREMENT=11;

--
-- AUTO_INCREMENT per la tabella `supportrequest`
--
ALTER TABLE `supportrequest`
  MODIFY `id` int(11) NOT NULL AUTO_INCREMENT;

--
-- AUTO_INCREMENT per la tabella `time`
--
ALTER TABLE `time`
  MODIFY `id` int(11) NOT NULL AUTO_INCREMENT, AUTO_INCREMENT=94;

--
-- AUTO_INCREMENT per la tabella `visit`
--
ALTER TABLE `visit`
  MODIFY `id` int(11) NOT NULL AUTO_INCREMENT, AUTO_INCREMENT=6;

--
-- Limiti per le tabelle scaricate
--

--
-- Limiti per la tabella `accommodation`
--
ALTER TABLE `accommodation`
  ADD CONSTRAINT `accommodation_ibfk_6` FOREIGN KEY (`address`) REFERENCES `address` (`id`),
  ADD CONSTRAINT `owner` FOREIGN KEY (`idOwner`) REFERENCES `owner` (`id`) ON DELETE CASCADE;

--
-- Limiti per la tabella `accommodationreview`
--
ALTER TABLE `accommodationreview`
  ADD CONSTRAINT `accommodationreview_ibfk_1` FOREIGN KEY (`idAccommodation`) REFERENCES `accommodation` (`id`) ON DELETE CASCADE,
  ADD CONSTRAINT `accommodationreview_ibfk_2` FOREIGN KEY (`idAuthor`) REFERENCES `student` (`id`) ON DELETE CASCADE,
  ADD CONSTRAINT `accommodationreview_ibfk_3` FOREIGN KEY (`idReview`) REFERENCES `review` (`id`) ON DELETE CASCADE;

--
-- Limiti per la tabella `contract`
--
ALTER TABLE `contract`
  ADD CONSTRAINT `contract_ibfk_1` FOREIGN KEY (`idReservation`) REFERENCES `reservation` (`id`) ON DELETE CASCADE,
  ADD CONSTRAINT `contract_ibfk_2` FOREIGN KEY (`cardNumber`) REFERENCES `creditcard` (`number`) ON DELETE NO ACTION;

--
-- Limiti per la tabella `creditcard`
--
ALTER TABLE `creditcard`
  ADD CONSTRAINT `creditcard_ibfk_1` FOREIGN KEY (`idStudent`) REFERENCES `student` (`id`) ON DELETE CASCADE;

--
-- Limiti per la tabella `day`
--
ALTER TABLE `day`
  ADD CONSTRAINT `accommodation` FOREIGN KEY (`idAccommodation`) REFERENCES `accommodation` (`id`);

--
-- Limiti per la tabella `owner`
--
ALTER TABLE `owner`
  ADD CONSTRAINT `owner_ibfk_1` FOREIGN KEY (`picture`) REFERENCES `photo` (`id`) ON DELETE SET NULL;

--
-- Limiti per la tabella `ownerreview`
--
ALTER TABLE `ownerreview`
  ADD CONSTRAINT `ownerreview_ibfk_1` FOREIGN KEY (`idAuthor`) REFERENCES `student` (`id`) ON DELETE CASCADE,
  ADD CONSTRAINT `ownerreview_ibfk_2` FOREIGN KEY (`idOwner`) REFERENCES `owner` (`id`) ON DELETE CASCADE,
  ADD CONSTRAINT `ownerreview_ibfk_3` FOREIGN KEY (`idReview`) REFERENCES `review` (`id`) ON DELETE CASCADE;

--
-- Limiti per la tabella `photo`
--
ALTER TABLE `photo`
  ADD CONSTRAINT `photo_ibfk_1` FOREIGN KEY (`idAccommodation`) REFERENCES `accommodation` (`id`) ON DELETE CASCADE;

--
-- Limiti per la tabella `reservation`
--
ALTER TABLE `reservation`
  ADD CONSTRAINT `reservation_ibfk_1` FOREIGN KEY (`idAccommodation`) REFERENCES `accommodation` (`id`) ON DELETE CASCADE,
  ADD CONSTRAINT `reservation_ibfk_2` FOREIGN KEY (`idStudent`) REFERENCES `student` (`id`) ON DELETE CASCADE;

--
-- Constraints for table `report`
--
ALTER TABLE `report`
  ADD CONSTRAINT `idOwner` FOREIGN KEY (`idOwner`) REFERENCES `owner` (`id`),
  ADD CONSTRAINT `idReview` FOREIGN KEY (`idReview`) REFERENCES `review` (`id`),
  ADD CONSTRAINT `idStudent` FOREIGN KEY (`idStudent`) REFERENCES `student` (`id`);
--
-- Limiti per la tabella `student`
--
ALTER TABLE `student`
  ADD CONSTRAINT `student_ibfk_1` FOREIGN KEY (`picture`) REFERENCES `photo` (`id`) ON DELETE SET NULL;

--
-- Limiti per la tabella `studentreview`
--
ALTER TABLE `studentreview`
  ADD CONSTRAINT `studentreview_ibfk_1` FOREIGN KEY (`idStudent`) REFERENCES `student` (`id`) ON DELETE CASCADE,
  ADD CONSTRAINT `studentreview_ibfk_2` FOREIGN KEY (`idReview`) REFERENCES `review` (`id`) ON DELETE CASCADE,
  ADD CONSTRAINT `studentreview_ibfk_3` FOREIGN KEY (`authorStudent`) REFERENCES `student` (`id`) ON DELETE CASCADE,
  ADD CONSTRAINT `studentreview_ibfk_4` FOREIGN KEY (`authorOwner`) REFERENCES `owner` (`id`) ON DELETE CASCADE;

--
-- Limiti per la tabella `supportrequest`
--
ALTER TABLE `supportrequest`
  ADD CONSTRAINT `supportrequest_ibfk_1` FOREIGN KEY (`idOwner`) REFERENCES `owner` (`id`) ON DELETE CASCADE,
  ADD CONSTRAINT `supportrequest_ibfk_2` FOREIGN KEY (`idStudent`) REFERENCES `student` (`id`) ON DELETE CASCADE;

--
-- Limiti per la tabella `time`
--
ALTER TABLE `time`
  ADD CONSTRAINT `time_ibfk_1` FOREIGN KEY (`idDay`) REFERENCES `day` (`id`);

--
-- Limiti per la tabella `visit`
--
ALTER TABLE `visit`
  ADD CONSTRAINT `visit_ibfk_1` FOREIGN KEY (`idStudent`) REFERENCES `student` (`id`) ON DELETE CASCADE,
  ADD CONSTRAINT `visit_ibfk_2` FOREIGN KEY (`idAccommodation`) REFERENCES `accommodation` (`id`) ON DELETE CASCADE;
COMMIT;

/*!40101 SET CHARACTER_SET_CLIENT=@OLD_CHARACTER_SET_CLIENT */;
/*!40101 SET CHARACTER_SET_RESULTS=@OLD_CHARACTER_SET_RESULTS */;
/*!40101 SET COLLATION_CONNECTION=@OLD_COLLATION_CONNECTION */;
